ApName,Super Build^SS7
Version,1. 1. 1.14
H,ij}VVzH
,}V
,1
o,2020/09/01 09:25:28


name=bt[`O
,Fc,ex,,,Zex,,,
,,k,,f,k,,f,t(fb)
,Fl,,,,,,,[,
,,,,,,,,
,N/mm2,N/mm2,N/mm2,N/mm2,N/mm2,N/mm2,N/mm2,N/mm2,N/mm2
<data>
Fc21(),21,7.0,,0.70,14.0,,1.05,1.14,1.43,<RE>
"SD295A(D13,D16)",295,195,195,195,295,295,295,,,<RE>


name=YbfXg
,Y,,RN[g,,,,,,,,z,,,,,
,{-,zu,Yu,,,,,Df,,,X,,,Y,,
,,^Cv,Px,Py,Ex,Ey,,,,,{-a,,dt,{-a,,dt
,,,mm,mm,mm,mm,mm,mm,,mm,,,mm,,,mm
<data>
F1,1-P1,,,,316,316,450,1100,Fc21,100,5-D13,SD295A,175,5-D13,SD295A,190,<RE>
F2,2-P1, Y,,1100,541,316,800,1100,Fc21,100,11-D13,SD295A,190,7-D16,SD295A,175,<RE>


name=YfXg
,,,YaEY/|,Y,Y,vx,,,
,,,,,,x,,,
,,,,,,,Z,,Z
,,,mm,m,m,kN,kN,kN,kN
<data>
P1,Y,|Y 490,267.4 t=9.3,0.00,23.500,450,900,0,


name=bd
w,X,Y,,A,Df,Wf',Wg,Wf
,,,,m2,m,kN,kN,kN
<data>
1FL,1,B,F1,0.81,1.10,10.5,7.4,17.8,<RE>
1FL,2,B,F2,2.70,1.10,40.3,19.1,59.4,<RE>
1FL,3,B,F2,2.70,1.10,40.3,19.1,59.4,<RE>
1FL,4,B,F2,2.70,1.10,40.3,19.1,59.4,<RE>
1FL,5,B,F2,2.70,1.10,40.3,19.1,59.4,<RE>
1FL,6,B,F2,2.70,1.10,40.3,19.1,59.4,<RE>
1FL,7,B,F2,2.70,1.10,42.8,16.7,59.4,<RE>
1FL,1,D,F1,0.81,1.10,9.0,8.9,17.8,<RE>
1FL,2,D,F2,2.70,1.10,40.3,19.1,59.4,<RE>
1FL,3,D,F2,2.70,1.10,40.3,19.1,59.4,<RE>
1FL,4,D,F2,2.70,1.10,40.3,19.1,59.4,<RE>
1FL,5,D,F2,2.70,1.10,40.3,19.1,59.4,<RE>
1FL,6,D,F2,2.70,1.10,40.3,19.1,59.4,<RE>
1FL,7,D,F2,2.70,1.10,42.8,16.7,59.4,<RE>


name=S
w,X,Y,,ex,ey
,,,,mm,mm
<data>
1FL,1,B,F1,0,0,<RE>
1FL,2,B,F2,0,0,<RE>
1FL,3,B,F2,0,0,<RE>
1FL,4,B,F2,0,0,<RE>
1FL,5,B,F2,0,0,<RE>
1FL,6,B,F2,0,0,<RE>
1FL,7,B,F2,0,0,<RE>
1FL,1,D,F1,0,0,<RE>
1FL,2,D,F2,0,0,<RE>
1FL,3,D,F2,0,0,<RE>
1FL,4,D,F2,0,0,<RE>
1FL,5,D,F2,0,0,<RE>
1FL,6,D,F2,0,0,<RE>
1FL,7,D,F2,0,0,<RE>


name=khz()
,w,,
<data>
X,1FL,8,khl,<RE>
Y,1FL,8,khl,<RE>


name=khz
Y,n,[x[m](b),,,Nl,Eo,,,kho,X,,Y
,,,,,,,,,,y,kh,y,kh
,,,,,,,,,kN/m3,mm,kN/m3,mm,kN/m3
<data>
P1,2,0.00,`,0.18,2.0,1400,1.000,80,9525,12.49,8523,12.49,8523
,,0.18,`,1.18,,914,1.000,80,6219,12.49,5565,12.49,5565
,,1.18,`,5.08,,914,1.000,80,6219,12.49,5565,12.49,5565
,,5.08,`,5.98,8.0,5600,1.000,80,38099,12.49,34091,12.49,34091
,,5.98,`,12.88,0.0,0,1.000,60,0,12.49,0,12.49,0
,,12.88,`,14.38,4.0,2800,1.000,80,19050,12.49,17046,12.49,17046
,,14.38,`,15.08,2.0,1400,1.000,60,7144,12.49,6392,12.49,6392
,,15.08,`,15.78,4.0,2800,1.000,60,14287,12.49,12784,12.49,12784
,,15.78,`,17.03,6.0,4200,1.000,80,28574,12.49,25568,12.49,25568
,,17.03,`,19.28,13.0,9100,1.000,80,61910,12.49,55397,12.49,55397
,,19.28,`,20.68,7.0,4900,1.000,80,33337,12.49,29829,12.49,29829
,,20.68,`,23.48,13.0,9100,1.000,80,61910,12.49,55397,12.49,55397
,,23.48,`,23.50,18.0,12600,1.000,80,85722,12.49,76703,12.49,76703


name=YS
,w,Kf,bd,kx,H,Df,1 - ,Y
,,kN,kN,,m,m,,kN
<data>
X,1FL,827.5,3754.1,0.100,,,1.000,1202.9,<RE>
Y,1FL,827.5,3754.1,0.100,,,1.000,1202.9,<RE>


name=Y,case=X
w,Y,n,{,r,[,Y,Y,Ya,E,I,kh,1/,L,Y,M,Q
,,,,,,,,,,,,,,,
,,,,,,m,m,mm,kN/mm2,cm4~10^4,kN/m3,m,,mm,kNm/{,kN/{
<data>
1FL,P1,2,26,1.000,s,23.500,23.500,268,200.0,0.63,8523,2.168,10.842,12.50,53.9,46.3


name=Y,case=Y
w,Y,n,{,r,[,Y,Y,Ya,E,I,kh,1/,L,Y,M,Q
,,,,,,,,,,,,,,,
,,,,,,m,m,mm,kN/mm2,cm4~10^4,kN/m3,m,,mm,kNm/{,kN/{
<data>
1FL,P1,2,26,1.000,s,23.500,23.500,268,200.0,0.63,8523,2.168,10.842,12.50,53.9,46.3


name=Y(),case=X
w,Y,n,[,M,Q,y
,,,m,kNm,kN,mm
<data>
1FL,P1,2,0.00,53.9,46.3,12.50
,,,0.18,46.0,41.2,12.43
,,,1.18,13.8,24.0,10.37
,,,2.16,-3.0,11.2,7.21
,,,3.13,-9.5,3.0,4.20
,,,4.11,-10.0,-1.4,1.87
,,,5.08,-7.8,-2.9,0.28
,,,5.98,-5.5,-1.0,-0.67
,,,6.88,-4.6,-1.0,-1.26
,,,7.78,-3.7,-1.0,-1.56
,,,8.68,-2.9,-1.0,-1.62
,,,9.58,-2.0,-1.0,-1.49
,,,10.48,-1.1,-1.0,-1.25
,,,11.28,-0.3,-1.0,-0.97
,,,12.08,0.5,-1.0,-0.67
,,,12.88,1.3,-1.0,-0.40
,,,13.63,1.6,0.1,-0.21
,,,14.38,1.4,0.5,-0.08
,,,15.08,1.0,0.6,-0.01
,,,15.78,0.7,0.6,0.03
,,,16.41,0.4,0.5,0.03
,,,17.03,0.1,0.3,0.03
,,,17.78,-0.1,0.1,0.02
,,,18.53,-0.1,-0.1,0.01
,,,19.28,-0.1,-0.1,0.01
,,,19.98,-0.1,-0.1,-0.01
,,,20.68,-0.1,-0.1,-0.01
,,,21.62,-0.1,-0.1,-0.01
,,,22.55,0.1,0.1,-0.01
,,,23.48,0.1,0.1,-0.01
,,,23.50,0.0,0.1,0.00


name=Y(),case=Y
w,Y,n,[,M,Q,y
,,,m,kNm,kN,mm
<data>
1FL,P1,2,0.00,53.9,46.3,12.50
,,,0.18,46.0,41.2,12.43
,,,1.18,13.8,24.0,10.37
,,,2.16,-3.0,11.2,7.21
,,,3.13,-9.5,3.0,4.20
,,,4.11,-10.0,-1.4,1.87
,,,5.08,-7.8,-2.9,0.28
,,,5.98,-5.5,-1.0,-0.67
,,,6.88,-4.6,-1.0,-1.26
,,,7.78,-3.7,-1.0,-1.56
,,,8.68,-2.9,-1.0,-1.62
,,,9.58,-2.0,-1.0,-1.49
,,,10.48,-1.1,-1.0,-1.25
,,,11.28,-0.3,-1.0,-0.97
,,,12.08,0.5,-1.0,-0.67
,,,12.88,1.3,-1.0,-0.40
,,,13.63,1.6,0.1,-0.21
,,,14.38,1.4,0.5,-0.08
,,,15.08,1.0,0.6,-0.01
,,,15.78,0.7,0.6,0.03
,,,16.41,0.4,0.5,0.03
,,,17.03,0.1,0.3,0.03
,,,17.78,-0.1,0.1,0.02
,,,18.53,-0.1,-0.1,0.01
,,,19.28,-0.1,-0.1,0.01
,,,19.98,-0.1,-0.1,-0.01
,,,20.68,-0.1,-0.1,-0.01
,,,21.62,-0.1,-0.1,-0.01
,,,22.55,0.1,0.1,-0.01
,,,23.48,0.1,0.1,-0.01
,,,23.50,0.0,0.1,0.00


name=YS\
w,X,Y,Y,{,X,,Y
,,,,,YQ,Q,YQ,Q
,,,,,kN/{,kN,kN/{,kN
<data>
1FL,1,B,P1,1,46.3,46.3,46.3,46.3,<RE>
1FL,2,B,P1,2,46.3,92.6,46.3,92.6,<RE>
1FL,3,B,P1,2,46.3,92.6,46.3,92.6,<RE>
1FL,4,B,P1,2,46.3,92.6,46.3,92.6,<RE>
1FL,5,B,P1,2,46.3,92.6,46.3,92.6,<RE>
1FL,6,B,P1,2,46.3,92.6,46.3,92.6,<RE>
1FL,7,B,P1,2,46.3,92.6,46.3,92.6,<RE>
1FL,1,D,P1,1,46.3,46.3,46.3,46.3,<RE>
1FL,2,D,P1,2,46.3,92.6,46.3,92.6,<RE>
1FL,3,D,P1,2,46.3,92.6,46.3,92.6,<RE>
1FL,4,D,P1,2,46.3,92.6,46.3,92.6,<RE>
1FL,5,D,P1,2,46.3,92.6,46.3,92.6,<RE>
1FL,6,D,P1,2,46.3,92.6,46.3,92.6,<RE>
1FL,7,D,P1,2,46.3,92.6,46.3,92.6,<RE>


name=b\
w,X,Y,Y,{,X,,,,Y,,
,,,,,YM,YQ,h,M,YM,YQ,h,M
,,,,,kNm,kN,mm,kNm,kNm,kN,mm,kNm
<data>
1FL,1,B,P1,1,53.9,46.3,648,83.8,53.9,46.3,648,83.8,<RE>
1FL,2,B,P1,2,107.8,92.6,648,167.6,107.8,92.6,648,167.6,<RE>
1FL,3,B,P1,2,107.8,92.6,648,167.6,107.8,92.6,648,167.6,<RE>
1FL,4,B,P1,2,107.8,92.6,648,167.6,107.8,92.6,648,167.6,<RE>
1FL,5,B,P1,2,107.8,92.6,648,167.6,107.8,92.6,648,167.6,<RE>
1FL,6,B,P1,2,107.8,92.6,648,167.6,107.8,92.6,648,167.6,<RE>
1FL,7,B,P1,2,107.8,92.6,648,167.6,107.8,92.6,648,167.6,<RE>
1FL,1,D,P1,1,53.9,46.3,648,83.8,53.9,46.3,648,83.8,<RE>
1FL,2,D,P1,2,107.8,92.6,648,167.6,107.8,92.6,648,167.6,<RE>
1FL,3,D,P1,2,107.8,92.6,648,167.6,107.8,92.6,648,167.6,<RE>
1FL,4,D,P1,2,107.8,92.6,648,167.6,107.8,92.6,648,167.6,<RE>
1FL,5,D,P1,2,107.8,92.6,648,167.6,107.8,92.6,648,167.6,<RE>
1FL,6,D,P1,2,107.8,92.6,648,167.6,107.8,92.6,648,167.6,<RE>
1FL,7,D,P1,2,107.8,92.6,648,167.6,107.8,92.6,648,167.6,<RE>


name=b\,case=G+P
w,腾把,|,,,,,^Cv,[M,M,E[M,[Q,E[Q,[T,E[T
,,,,,,mm,,kNm,kNm,kNm,kN,kN,kNm,kNm
<data>
1FL,B,1,2,FG1,1,3000,,0.3,-0.9,-38.4,7.3,32.8,0.0,0.0
,,,,,,,S,0.0,0.0,0.0,0.0,0.0,0.0,0.0,<RE>
1FL,B,2,3,FG1,1,4995,,41.4,38.3,-66.2,53.7,63.6,0.0,0.0
,,,,,,,S,0.0,0.0,0.0,0.0,0.0,0.0,0.0,<RE>
1FL,B,3,4,FG1,1,5200,,66.3,36.2,-65.3,62.8,62.4,0.0,0.0
,,,,,,,S,0.0,0.0,0.0,0.0,0.0,0.0,0.0,<RE>
1FL,B,4,5,FG1,1,5200,,65.7,38.3,-61.8,63.3,61.8,0.0,0.0
,,,,,,,S,0.0,0.0,0.0,0.0,0.0,0.0,0.0,<RE>
1FL,B,5,6,FG1,1,5200,,61.9,33.0,-76.2,59.8,65.3,0.0,0.0
,,,,,,,S,0.0,0.0,0.0,0.0,0.0,0.0,0.0,<RE>
1FL,B,6,7,FG2,1,4995,,77.4,51.4,-4.0,73.4,44.0,0.0,0.0
,,,,,,,S,0.0,0.0,0.0,0.0,0.0,0.0,0.0,<RE>
1FL,D,1,2,FG1,1,3000,,0.3,-0.4,-40.9,8.1,35.2,0.0,0.0
,,,,,,,S,0.0,0.0,0.0,0.0,0.0,0.0,0.0,<RE>
1FL,D,2,3,FG1,1,4995,,42.9,37.9,-65.9,54.1,63.3,0.0,0.0
,,,,,,,S,0.0,0.0,0.0,0.0,0.0,0.0,0.0,<RE>
1FL,D,3,4,FG1,1,5200,,66.0,36.6,-65.6,62.7,62.6,0.0,0.0
,,,,,,,S,0.0,0.0,0.0,0.0,0.0,0.0,0.0,<RE>
1FL,D,4,5,FG1,1,5200,,65.9,38.4,-62.1,63.4,61.9,0.0,0.0
,,,,,,,S,0.0,0.0,0.0,0.0,0.0,0.0,0.0,<RE>
1FL,D,5,6,FG1,1,5200,,62.0,33.2,-76.4,59.9,65.4,0.0,0.0
,,,,,,,S,0.0,0.0,0.0,0.0,0.0,0.0,0.0,<RE>
1FL,D,6,7,FG2,1,4995,,77.5,51.5,-4.2,73.4,44.1,0.0,0.0
,,,,,,,S,0.0,0.0,0.0,0.0,0.0,0.0,0.0,<RE>
1FL,E,1,2,FB1,1,3000,,0.0,15.1,0.0,20.1,17.5,0.0,0.0
,,,,,,,S,0.0,0.0,0.0,0.0,0.0,0.0,0.0,<RE>
1FL,1,B,C,FG11,1,5036,,11.5,107.2,102.7,64.6,22.5,0.0,0.0
,,,,,,,S,0.0,0.0,0.0,0.0,0.0,0.0,0.0,<RE>
1FL,1,C,D,FG11,1,2836,,-102.7,34.7,-69.8,-37.0,81.5,0.0,0.0
,,,,,,,S,0.0,0.0,0.0,0.0,0.0,0.0,0.0,<RE>
1FL,1,D,E,FCG1,1,1815,,60.6,-24.1,0.0,43.6,-20.1,0.0,0.0
,,,,,,,S,0.0,0.0,0.0,0.0,0.0,0.0,0.0,<RE>
1FL,2,A,B,FCG1,1,1715,,0.0,-13.3,-39.2,-6.3,34.4,0.0,0.0
,,,,,,,S,0.0,0.0,0.0,0.0,0.0,0.0,0.0,<RE>
1FL,2,B,C,FG11,1,5036,,50.7,141.3,148.1,97.5,33.3,0.0,0.0
,,,,,,,S,0.0,0.0,0.0,0.0,0.0,0.0,0.0,<RE>
1FL,2,C,D,FG11,1,2836,,-148.1,55.0,-84.6,-47.5,106.8,0.0,0.0
,,,,,,,S,0.0,0.0,0.0,0.0,0.0,0.0,0.0,<RE>
1FL,2,D,E,FCG1,1,1815,,72.9,-29.6,0.0,51.1,-24.1,0.0,0.0
,,,,,,,S,0.0,0.0,0.0,0.0,0.0,0.0,0.0,<RE>
1FL,3,A,B,FCG1,1,1715,,0.0,-19.9,-52.7,-12.6,41.4,0.0,0.0
,,,,,,,S,0.0,0.0,0.0,0.0,0.0,0.0,0.0,<RE>
1FL,3,B,D,FG11,1,7871,,74.0,191.9,-82.3,112.0,114.1,0.0,0.0
,,,,,,,S,0.0,0.0,0.0,0.0,0.0,0.0,0.0,<RE>
1FL,3,D,E,FCG1,1,1815,,60.3,-22.7,0.0,45.0,-13.3,0.0,0.0
,,,,,,,S,0.0,0.0,0.0,0.0,0.0,0.0,0.0,<RE>
1FL,4,A,B,FCG1,1,1715,,0.0,-19.9,-52.7,-12.6,41.4,0.0,0.0
,,,,,,,S,0.0,0.0,0.0,0.0,0.0,0.0,0.0,<RE>
1FL,4,B,D,FG11,1,7871,,74.4,194.3,-82.5,112.9,114.9,0.0,0.0
,,,,,,,S,0.0,0.0,0.0,0.0,0.0,0.0,0.0,<RE>
1FL,4,D,E,FCG1,1,1815,,60.3,-22.7,0.0,45.0,-13.3,0.0,0.0
,,,,,,,S,0.0,0.0,0.0,0.0,0.0,0.0,0.0,<RE>
1FL,5,A,B,FCG1,1,1715,,0.0,-19.9,-52.7,-12.6,41.4,0.0,0.0
,,,,,,,S,0.0,0.0,0.0,0.0,0.0,0.0,0.0,<RE>
1FL,5,B,D,FG11,1,7871,,74.5,194.3,-82.4,112.9,114.9,0.0,0.0
,,,,,,,S,0.0,0.0,0.0,0.0,0.0,0.0,0.0,<RE>
1FL,5,D,E,FCG1,1,1815,,60.3,-22.7,0.0,45.0,-13.3,0.0,0.0
,,,,,,,S,0.0,0.0,0.0,0.0,0.0,0.0,0.0,<RE>
1FL,6,A,B,FCG1,1,1715,,0.0,-19.9,-52.7,-12.6,41.4,0.0,0.0
,,,,,,,S,0.0,0.0,0.0,0.0,0.0,0.0,0.0,<RE>
1FL,6,B,D,FG11,1,7871,,74.3,191.9,-82.0,112.1,114.1,0.0,0.0
,,,,,,,S,0.0,0.0,0.0,0.0,0.0,0.0,0.0,<RE>
1FL,6,D,E,FCG1,1,1815,,60.3,-22.7,0.0,45.0,-13.3,0.0,0.0
,,,,,,,S,0.0,0.0,0.0,0.0,0.0,0.0,0.0,<RE>
1FL,7,A,B,FCG1,1,1715,,0.0,-13.3,-39.2,-6.3,34.4,0.0,0.0
,,,,,,,S,0.0,0.0,0.0,0.0,0.0,0.0,0.0,<RE>
1FL,7,B,D,FG11,1,7871,,49.7,139.2,-55.2,83.0,84.4,0.0,0.0
,,,,,,,S,0.0,0.0,0.0,0.0,0.0,0.0,0.0,<RE>
1FL,7,D,E,FCG1,1,1815,,44.6,-15.1,0.0,37.1,-6.7,0.0,0.0
,,,,,,,S,0.0,0.0,0.0,0.0,0.0,0.0,0.0,<RE>


name=b\,case=S
w,腾把,|,,,,,^Cv,[M,M,E[M,[Q,E[Q,[T,E[T
,,,,,,mm,,kNm,kNm,kNm,kN,kN,kNm,kNm
<data>
1FL,B,1,2,FG1,1,3000,,0.1,0.1,0.1,0.1,-0.1,0.0,0.0
,,,,,,,S,0.0,0.0,0.0,0.0,0.0,0.0,0.0,<RE>
1FL,B,2,3,FG1,1,4995,,0.1,-0.1,0.1,0.1,-0.1,0.0,0.0
,,,,,,,S,0.0,0.0,0.0,0.0,0.0,0.0,0.0,<RE>
1FL,B,3,4,FG1,1,5200,,-0.1,0.1,0.1,0.1,-0.1,0.0,0.0
,,,,,,,S,0.0,0.0,0.0,0.0,0.0,0.0,0.0,<RE>
1FL,B,4,5,FG1,1,5200,,0.1,-0.1,-0.1,0.1,-0.1,0.0,0.0
,,,,,,,S,0.0,0.0,0.0,0.0,0.0,0.0,0.0,<RE>
1FL,B,5,6,FG1,1,5200,,0.1,0.1,0.1,0.1,-0.1,0.0,0.0
,,,,,,,S,0.0,0.0,0.0,0.0,0.0,0.0,0.0,<RE>
1FL,B,6,7,FG2,1,4995,,-0.1,-0.1,-0.1,-0.1,0.1,0.0,0.0
,,,,,,,S,0.0,0.0,0.0,0.0,0.0,0.0,0.0,<RE>
1FL,D,1,2,FG1,1,3000,,-0.1,0.1,0.1,-0.1,0.1,0.0,0.0
,,,,,,,S,0.0,0.0,0.0,0.0,0.0,0.0,0.0,<RE>
1FL,D,2,3,FG1,1,4995,,0.1,-0.1,0.1,0.1,-0.1,0.0,0.0
,,,,,,,S,0.0,0.0,0.0,0.0,0.0,0.0,0.0,<RE>
1FL,D,3,4,FG1,1,5200,,0.1,0.1,0.1,0.1,-0.1,0.0,0.0
,,,,,,,S,0.0,0.0,0.0,0.0,0.0,0.0,0.0,<RE>
1FL,D,4,5,FG1,1,5200,,0.1,-0.1,0.1,0.1,-0.1,0.0,0.0
,,,,,,,S,0.0,0.0,0.0,0.0,0.0,0.0,0.0,<RE>
1FL,D,5,6,FG1,1,5200,,0.1,0.1,0.1,0.1,-0.1,0.0,0.0
,,,,,,,S,0.0,0.0,0.0,0.0,0.0,0.0,0.0,<RE>
1FL,D,6,7,FG2,1,4995,,0.1,-0.1,-0.1,-0.1,0.1,0.0,0.0
,,,,,,,S,0.0,0.0,0.0,0.0,0.0,0.0,0.0,<RE>
1FL,E,1,2,FB1,1,3000,,0.0,0.0,0.0,0.0,0.0,0.0,0.0
,,,,,,,S,0.0,0.0,0.0,0.0,0.0,0.0,0.0,<RE>
1FL,1,B,C,FG11,1,5036,,0.2,-0.2,-0.2,-0.1,0.1,0.0,0.0
,,,,,,,S,0.0,0.0,0.0,0.0,0.0,0.0,0.0,<RE>
1FL,1,C,D,FG11,1,2836,,0.2,-0.2,-0.2,-0.1,0.1,0.0,0.0
,,,,,,,S,0.0,0.0,0.0,0.0,0.0,0.0,0.0,<RE>
1FL,1,D,E,FCG1,1,1815,,0.0,0.0,0.0,0.0,0.0,0.0,0.0
,,,,,,,S,0.0,0.0,0.0,0.0,0.0,0.0,0.0,<RE>
1FL,2,A,B,FCG1,1,1715,,0.0,0.0,0.0,0.0,0.0,0.0,0.0
,,,,,,,S,0.0,0.0,0.0,0.0,0.0,0.0,0.0,<RE>
1FL,2,B,C,FG11,1,5036,,0.1,-0.1,-0.1,0.1,-0.1,0.0,0.0
,,,,,,,S,0.0,0.0,0.0,0.0,0.0,0.0,0.0,<RE>
1FL,2,C,D,FG11,1,2836,,0.1,-0.1,-0.1,0.1,-0.1,0.0,0.0
,,,,,,,S,0.0,0.0,0.0,0.0,0.0,0.0,0.0,<RE>
1FL,2,D,E,FCG1,1,1815,,0.0,0.0,0.0,0.0,0.0,0.0,0.0
,,,,,,,S,0.0,0.0,0.0,0.0,0.0,0.0,0.0,<RE>
1FL,3,A,B,FCG1,1,1715,,0.0,0.0,0.0,0.0,0.0,0.0,0.0
,,,,,,,S,0.0,0.0,0.0,0.0,0.0,0.0,0.0,<RE>
1FL,3,B,D,FG11,1,7871,,0.2,-0.1,-0.1,0.1,-0.1,0.0,0.0
,,,,,,,S,0.0,0.0,0.0,0.0,0.0,0.0,0.0,<RE>
1FL,3,D,E,FCG1,1,1815,,0.0,0.0,0.0,0.0,0.0,0.0,0.0
,,,,,,,S,0.0,0.0,0.0,0.0,0.0,0.0,0.0,<RE>
1FL,4,A,B,FCG1,1,1715,,0.0,0.0,0.0,0.0,0.0,0.0,0.0
,,,,,,,S,0.0,0.0,0.0,0.0,0.0,0.0,0.0,<RE>
1FL,4,B,D,FG11,1,7871,,0.2,-0.2,-0.1,0.1,-0.1,0.0,0.0
,,,,,,,S,0.0,0.0,0.0,0.0,0.0,0.0,0.0,<RE>
1FL,4,D,E,FCG1,1,1815,,0.0,0.0,0.0,0.0,0.0,0.0,0.0
,,,,,,,S,0.0,0.0,0.0,0.0,0.0,0.0,0.0,<RE>
1FL,5,A,B,FCG1,1,1715,,0.0,0.0,0.0,0.0,0.0,0.0,0.0
,,,,,,,S,0.0,0.0,0.0,0.0,0.0,0.0,0.0,<RE>
1FL,5,B,D,FG11,1,7871,,0.2,-0.2,-0.2,-0.1,0.1,0.0,0.0
,,,,,,,S,0.0,0.0,0.0,0.0,0.0,0.0,0.0,<RE>
1FL,5,D,E,FCG1,1,1815,,0.0,0.0,0.0,0.0,0.0,0.0,0.0
,,,,,,,S,0.0,0.0,0.0,0.0,0.0,0.0,0.0,<RE>
1FL,6,A,B,FCG1,1,1715,,0.0,0.0,0.0,0.0,0.0,0.0,0.0
,,,,,,,S,0.0,0.0,0.0,0.0,0.0,0.0,0.0,<RE>
1FL,6,B,D,FG11,1,7871,,0.1,-0.1,-0.2,-0.1,0.1,0.0,0.0
,,,,,,,S,0.0,0.0,0.0,0.0,0.0,0.0,0.0,<RE>
1FL,6,D,E,FCG1,1,1815,,0.0,0.0,0.0,0.0,0.0,0.0,0.0
,,,,,,,S,0.0,0.0,0.0,0.0,0.0,0.0,0.0,<RE>
1FL,7,A,B,FCG1,1,1715,,0.0,0.0,0.0,0.0,0.0,0.0,0.0
,,,,,,,S,0.0,0.0,0.0,0.0,0.0,0.0,0.0,<RE>
1FL,7,B,D,FG11,1,7871,,0.1,-0.1,-0.1,-0.1,0.1,0.0,0.0
,,,,,,,S,0.0,0.0,0.0,0.0,0.0,0.0,0.0,<RE>
1FL,7,D,E,FCG1,1,1815,,0.0,0.0,0.0,0.0,0.0,0.0,0.0
,,,,,,,S,0.0,0.0,0.0,0.0,0.0,0.0,0.0,<RE>


name=b\,case=WX+
w,腾把,|,,,,,^Cv,[M,M,E[M,[Q,E[Q,[T,E[T
,,,,,,mm,,kNm,kNm,kNm,kN,kN,kNm,kNm
<data>
1FL,B,1,2,FG1,1,3000,,-9.6,1.9,-5.9,-5.2,5.2,0.0,0.0
,,,,,,,S,0.0,0.0,0.0,0.0,0.0,0.0,0.0,<RE>
1FL,B,2,3,FG1,1,4995,,-6.3,-2.3,-10.8,-3.4,3.4,0.0,0.0
,,,,,,,S,0.0,0.0,0.0,0.0,0.0,0.0,0.0,<RE>
1FL,B,3,4,FG1,1,5200,,-14.0,0.6,-12.9,-5.2,5.2,0.0,0.0
,,,,,,,S,0.0,0.0,0.0,0.0,0.0,0.0,0.0,<RE>
1FL,B,4,5,FG1,1,5200,,-12.0,-0.2,-12.3,-4.7,4.7,0.0,0.0
,,,,,,,S,0.0,0.0,0.0,0.0,0.0,0.0,0.0,<RE>
1FL,B,5,6,FG1,1,5200,,-12.5,0.1,-12.4,-4.8,4.8,0.0,0.0
,,,,,,,S,0.0,0.0,0.0,0.0,0.0,0.0,0.0,<RE>
1FL,B,6,7,FG2,1,4995,,-12.4,0.2,-12.1,-4.9,4.9,0.0,0.0
,,,,,,,S,0.0,0.0,0.0,0.0,0.0,0.0,0.0,<RE>
1FL,D,1,2,FG1,1,3000,,-12.0,2.5,-7.1,-6.4,6.4,0.0,0.0
,,,,,,,S,0.0,0.0,0.0,0.0,0.0,0.0,0.0,<RE>
1FL,D,2,3,FG1,1,4995,,-6.2,-2.2,-10.5,-3.4,3.4,0.0,0.0
,,,,,,,S,0.0,0.0,0.0,0.0,0.0,0.0,0.0,<RE>
1FL,D,3,4,FG1,1,5200,,-13.7,0.6,-12.7,-5.1,5.1,0.0,0.0
,,,,,,,S,0.0,0.0,0.0,0.0,0.0,0.0,0.0,<RE>
1FL,D,4,5,FG1,1,5200,,-11.9,-0.2,-12.2,-4.7,4.7,0.0,0.0
,,,,,,,S,0.0,0.0,0.0,0.0,0.0,0.0,0.0,<RE>
1FL,D,5,6,FG1,1,5200,,-12.4,0.1,-12.3,-4.8,4.8,0.0,0.0
,,,,,,,S,0.0,0.0,0.0,0.0,0.0,0.0,0.0,<RE>
1FL,D,6,7,FG2,1,4995,,-12.3,0.2,-12.0,-4.9,4.9,0.0,0.0
,,,,,,,S,0.0,0.0,0.0,0.0,0.0,0.0,0.0,<RE>
1FL,E,1,2,FB1,1,3000,,0.0,0.0,0.0,0.0,0.0,0.0,0.0
,,,,,,,S,0.0,0.0,0.0,0.0,0.0,0.0,0.0,<RE>
1FL,1,B,C,FG11,1,5036,,0.6,0.1,0.6,0.3,-0.3,0.0,0.0
,,,,,,,S,0.0,0.0,0.0,0.0,0.0,0.0,0.0,<RE>
1FL,1,C,D,FG11,1,2836,,-0.6,1.0,1.3,0.3,-0.3,0.0,0.0
,,,,,,,S,0.0,0.0,0.0,0.0,0.0,0.0,0.0,<RE>
1FL,1,D,E,FCG1,1,1815,,0.0,0.0,0.0,0.0,0.0,0.0,0.0
,,,,,,,S,0.0,0.0,0.0,0.0,0.0,0.0,0.0,<RE>
1FL,2,A,B,FCG1,1,1715,,0.0,0.0,0.0,0.0,0.0,0.0,0.0
,,,,,,,S,0.0,0.0,0.0,0.0,0.0,0.0,0.0,<RE>
1FL,2,B,C,FG11,1,5036,,1.2,-0.7,-0.2,0.2,-0.2,0.0,0.0
,,,,,,,S,0.0,0.0,0.0,0.0,0.0,0.0,0.0,<RE>
1FL,2,C,D,FG11,1,2836,,0.2,0.1,0.4,0.2,-0.2,0.0,0.0
,,,,,,,S,0.0,0.0,0.0,0.0,0.0,0.0,0.0,<RE>
1FL,2,D,E,FCG1,1,1815,,0.0,0.0,0.0,0.0,0.0,0.0,0.0
,,,,,,,S,0.0,0.0,0.0,0.0,0.0,0.0,0.0,<RE>
1FL,3,A,B,FCG1,1,1715,,0.0,0.0,0.0,0.0,0.0,0.0,0.0
,,,,,,,S,0.0,0.0,0.0,0.0,0.0,0.0,0.0,<RE>
1FL,3,B,D,FG11,1,7871,,1.5,-0.5,0.5,0.3,-0.3,0.0,0.0
,,,,,,,S,0.0,0.0,0.0,0.0,0.0,0.0,0.0,<RE>
1FL,3,D,E,FCG1,1,1815,,0.0,0.0,0.0,0.0,0.0,0.0,0.0
,,,,,,,S,0.0,0.0,0.0,0.0,0.0,0.0,0.0,<RE>
1FL,4,A,B,FCG1,1,1715,,0.0,0.0,0.0,0.0,0.0,0.0,0.0
,,,,,,,S,0.0,0.0,0.0,0.0,0.0,0.0,0.0,<RE>
1FL,4,B,D,FG11,1,7871,,1.2,-0.5,0.4,0.2,-0.2,0.0,0.0
,,,,,,,S,0.0,0.0,0.0,0.0,0.0,0.0,0.0,<RE>
1FL,4,D,E,FCG1,1,1815,,0.0,0.0,0.0,0.0,0.0,0.0,0.0
,,,,,,,S,0.0,0.0,0.0,0.0,0.0,0.0,0.0,<RE>
1FL,5,A,B,FCG1,1,1715,,0.0,0.0,0.0,0.0,0.0,0.0,0.0
,,,,,,,S,0.0,0.0,0.0,0.0,0.0,0.0,0.0,<RE>
1FL,5,B,D,FG11,1,7871,,1.1,-0.5,0.3,0.2,-0.2,0.0,0.0
,,,,,,,S,0.0,0.0,0.0,0.0,0.0,0.0,0.0,<RE>
1FL,5,D,E,FCG1,1,1815,,0.0,0.0,0.0,0.0,0.0,0.0,0.0
,,,,,,,S,0.0,0.0,0.0,0.0,0.0,0.0,0.0,<RE>
1FL,6,A,B,FCG1,1,1715,,0.0,0.0,0.0,0.0,0.0,0.0,0.0
,,,,,,,S,0.0,0.0,0.0,0.0,0.0,0.0,0.0,<RE>
1FL,6,B,D,FG11,1,7871,,0.9,-0.5,0.1,0.2,-0.2,0.0,0.0
,,,,,,,S,0.0,0.0,0.0,0.0,0.0,0.0,0.0,<RE>
1FL,6,D,E,FCG1,1,1815,,0.0,0.0,0.0,0.0,0.0,0.0,0.0
,,,,,,,S,0.0,0.0,0.0,0.0,0.0,0.0,0.0,<RE>
1FL,7,A,B,FCG1,1,1715,,0.0,0.0,0.0,0.0,0.0,0.0,0.0
,,,,,,,S,0.0,0.0,0.0,0.0,0.0,0.0,0.0,<RE>
1FL,7,B,D,FG11,1,7871,,0.4,-0.2,-0.1,0.1,-0.1,0.0,0.0
,,,,,,,S,0.0,0.0,0.0,0.0,0.0,0.0,0.0,<RE>
1FL,7,D,E,FCG1,1,1815,,0.0,0.0,0.0,0.0,0.0,0.0,0.0
,,,,,,,S,0.0,0.0,0.0,0.0,0.0,0.0,0.0,<RE>


name=b\,case=WX-
w,腾把,|,,,,,^Cv,[M,M,E[M,[Q,E[Q,[T,E[T
,,,,,,mm,,kNm,kNm,kNm,kN,kN,kNm,kNm
<data>
1FL,B,1,2,FG1,1,3000,,9.5,-1.9,5.9,5.1,-5.1,0.0,0.0
,,,,,,,S,0.0,0.0,0.0,0.0,0.0,0.0,0.0,<RE>
1FL,B,2,3,FG1,1,4995,,6.3,2.3,10.7,3.4,-3.4,0.0,0.0
,,,,,,,S,0.0,0.0,0.0,0.0,0.0,0.0,0.0,<RE>
1FL,B,3,4,FG1,1,5200,,13.9,-0.6,12.8,5.2,-5.2,0.0,0.0
,,,,,,,S,0.0,0.0,0.0,0.0,0.0,0.0,0.0,<RE>
1FL,B,4,5,FG1,1,5200,,12.0,0.2,12.3,4.7,-4.7,0.0,0.0
,,,,,,,S,0.0,0.0,0.0,0.0,0.0,0.0,0.0,<RE>
1FL,B,5,6,FG1,1,5200,,12.5,-0.1,12.3,4.8,-4.8,0.0,0.0
,,,,,,,S,0.0,0.0,0.0,0.0,0.0,0.0,0.0,<RE>
1FL,B,6,7,FG2,1,4995,,12.4,-0.1,12.2,5.0,-5.0,0.0,0.0
,,,,,,,S,0.0,0.0,0.0,0.0,0.0,0.0,0.0,<RE>
1FL,D,1,2,FG1,1,3000,,12.0,-2.5,7.1,6.4,-6.4,0.0,0.0
,,,,,,,S,0.0,0.0,0.0,0.0,0.0,0.0,0.0,<RE>
1FL,D,2,3,FG1,1,4995,,6.2,2.2,10.5,3.4,-3.4,0.0,0.0
,,,,,,,S,0.0,0.0,0.0,0.0,0.0,0.0,0.0,<RE>
1FL,D,3,4,FG1,1,5200,,13.7,-0.6,12.7,5.1,-5.1,0.0,0.0
,,,,,,,S,0.0,0.0,0.0,0.0,0.0,0.0,0.0,<RE>
1FL,D,4,5,FG1,1,5200,,11.9,0.2,12.2,4.7,-4.7,0.0,0.0
,,,,,,,S,0.0,0.0,0.0,0.0,0.0,0.0,0.0,<RE>
1FL,D,5,6,FG1,1,5200,,12.3,-0.1,12.2,4.8,-4.8,0.0,0.0
,,,,,,,S,0.0,0.0,0.0,0.0,0.0,0.0,0.0,<RE>
1FL,D,6,7,FG2,1,4995,,12.3,-0.1,12.1,4.9,-4.9,0.0,0.0
,,,,,,,S,0.0,0.0,0.0,0.0,0.0,0.0,0.0,<RE>
1FL,E,1,2,FB1,1,3000,,0.0,0.0,0.0,0.0,0.0,0.0,0.0
,,,,,,,S,0.0,0.0,0.0,0.0,0.0,0.0,0.0,<RE>
1FL,1,B,C,FG11,1,5036,,0.4,-0.2,0.1,0.1,-0.1,0.0,0.0
,,,,,,,S,0.0,0.0,0.0,0.0,0.0,0.0,0.0,<RE>
1FL,1,C,D,FG11,1,2836,,-0.1,0.2,0.3,0.1,-0.1,0.0,0.0
,,,,,,,S,0.0,0.0,0.0,0.0,0.0,0.0,0.0,<RE>
1FL,1,D,E,FCG1,1,1815,,0.0,0.0,0.0,0.0,0.0,0.0,0.0
,,,,,,,S,0.0,0.0,0.0,0.0,0.0,0.0,0.0,<RE>
1FL,2,A,B,FCG1,1,1715,,0.0,0.0,0.0,0.0,0.0,0.0,0.0
,,,,,,,S,0.0,0.0,0.0,0.0,0.0,0.0,0.0,<RE>
1FL,2,B,C,FG11,1,5036,,0.6,-0.4,-0.2,0.1,-0.1,0.0,0.0
,,,,,,,S,0.0,0.0,0.0,0.0,0.0,0.0,0.0,<RE>
1FL,2,C,D,FG11,1,2836,,0.2,-0.1,0.1,0.1,-0.1,0.0,0.0
,,,,,,,S,0.0,0.0,0.0,0.0,0.0,0.0,0.0,<RE>
1FL,2,D,E,FCG1,1,1815,,0.0,0.0,0.0,0.0,0.0,0.0,0.0
,,,,,,,S,0.0,0.0,0.0,0.0,0.0,0.0,0.0,<RE>
1FL,3,A,B,FCG1,1,1715,,0.0,0.0,0.0,0.0,0.0,0.0,0.0
,,,,,,,S,0.0,0.0,0.0,0.0,0.0,0.0,0.0,<RE>
1FL,3,B,D,FG11,1,7871,,1.1,-0.5,0.2,0.2,-0.2,0.0,0.0
,,,,,,,S,0.0,0.0,0.0,0.0,0.0,0.0,0.0,<RE>
1FL,3,D,E,FCG1,1,1815,,0.0,0.0,0.0,0.0,0.0,0.0,0.0
,,,,,,,S,0.0,0.0,0.0,0.0,0.0,0.0,0.0,<RE>
1FL,4,A,B,FCG1,1,1715,,0.0,0.0,0.0,0.0,0.0,0.0,0.0
,,,,,,,S,0.0,0.0,0.0,0.0,0.0,0.0,0.0,<RE>
1FL,4,B,D,FG11,1,7871,,1.2,-0.5,0.4,0.2,-0.2,0.0,0.0
,,,,,,,S,0.0,0.0,0.0,0.0,0.0,0.0,0.0,<RE>
1FL,4,D,E,FCG1,1,1815,,0.0,0.0,0.0,0.0,0.0,0.0,0.0
,,,,,,,S,0.0,0.0,0.0,0.0,0.0,0.0,0.0,<RE>
1FL,5,A,B,FCG1,1,1715,,0.0,0.0,0.0,0.0,0.0,0.0,0.0
,,,,,,,S,0.0,0.0,0.0,0.0,0.0,0.0,0.0,<RE>
1FL,5,B,D,FG11,1,7871,,1.4,-0.5,0.5,0.3,-0.3,0.0,0.0
,,,,,,,S,0.0,0.0,0.0,0.0,0.0,0.0,0.0,<RE>
1FL,5,D,E,FCG1,1,1815,,0.0,0.0,0.0,0.0,0.0,0.0,0.0
,,,,,,,S,0.0,0.0,0.0,0.0,0.0,0.0,0.0,<RE>
1FL,6,A,B,FCG1,1,1715,,0.0,0.0,0.0,0.0,0.0,0.0,0.0
,,,,,,,S,0.0,0.0,0.0,0.0,0.0,0.0,0.0,<RE>
1FL,6,B,D,FG11,1,7871,,1.7,-0.6,0.5,0.3,-0.3,0.0,0.0
,,,,,,,S,0.0,0.0,0.0,0.0,0.0,0.0,0.0,<RE>
1FL,6,D,E,FCG1,1,1815,,0.0,0.0,0.0,0.0,0.0,0.0,0.0
,,,,,,,S,0.0,0.0,0.0,0.0,0.0,0.0,0.0,<RE>
1FL,7,A,B,FCG1,1,1715,,0.0,0.0,0.0,0.0,0.0,0.0,0.0
,,,,,,,S,0.0,0.0,0.0,0.0,0.0,0.0,0.0,<RE>
1FL,7,B,D,FG11,1,7871,,1.0,-0.4,0.3,0.2,-0.2,0.0,0.0
,,,,,,,S,0.0,0.0,0.0,0.0,0.0,0.0,0.0,<RE>
1FL,7,D,E,FCG1,1,1815,,0.0,0.0,0.0,0.0,0.0,0.0,0.0
,,,,,,,S,0.0,0.0,0.0,0.0,0.0,0.0,0.0,<RE>


name=b\,case=WY+
w,腾把,|,,,,,^Cv,[M,M,E[M,[Q,E[Q,[T,E[T
,,,,,,mm,,kNm,kNm,kNm,kN,kN,kNm,kNm
<data>
1FL,B,1,2,FG1,1,3000,,0.5,-0.2,0.1,0.2,-0.2,0.0,0.0
,,,,,,,S,0.0,0.0,0.0,0.0,0.0,0.0,0.0,<RE>
1FL,B,2,3,FG1,1,4995,,-0.1,0.1,0.1,0.1,-0.1,0.0,0.0
,,,,,,,S,0.0,0.0,0.0,0.0,0.0,0.0,0.0,<RE>
1FL,B,3,4,FG1,1,5200,,0.2,-0.1,0.2,0.1,-0.1,0.0,0.0
,,,,,,,S,0.0,0.0,0.0,0.0,0.0,0.0,0.0,<RE>
1FL,B,4,5,FG1,1,5200,,0.1,-0.1,0.1,0.1,-0.1,0.0,0.0
,,,,,,,S,0.0,0.0,0.0,0.0,0.0,0.0,0.0,<RE>
1FL,B,5,6,FG1,1,5200,,0.2,0.1,0.2,0.1,-0.1,0.0,0.0
,,,,,,,S,0.0,0.0,0.0,0.0,0.0,0.0,0.0,<RE>
1FL,B,6,7,FG2,1,4995,,0.1,-0.1,-0.2,-0.1,0.1,0.0,0.0
,,,,,,,S,0.0,0.0,0.0,0.0,0.0,0.0,0.0,<RE>
1FL,D,1,2,FG1,1,3000,,0.5,-0.3,-0.1,0.2,-0.2,0.0,0.0
,,,,,,,S,0.0,0.0,0.0,0.0,0.0,0.0,0.0,<RE>
1FL,D,2,3,FG1,1,4995,,-0.3,0.1,-0.2,-0.1,0.1,0.0,0.0
,,,,,,,S,0.0,0.0,0.0,0.0,0.0,0.0,0.0,<RE>
1FL,D,3,4,FG1,1,5200,,-0.1,-0.1,-0.1,-0.1,0.1,0.0,0.0
,,,,,,,S,0.0,0.0,0.0,0.0,0.0,0.0,0.0,<RE>
1FL,D,4,5,FG1,1,5200,,-0.2,-0.1,-0.2,-0.1,0.1,0.0,0.0
,,,,,,,S,0.0,0.0,0.0,0.0,0.0,0.0,0.0,<RE>
1FL,D,5,6,FG1,1,5200,,-0.1,0.1,-0.1,-0.1,0.1,0.0,0.0
,,,,,,,S,0.0,0.0,0.0,0.0,0.0,0.0,0.0,<RE>
1FL,D,6,7,FG2,1,4995,,-0.2,-0.1,-0.4,-0.2,0.2,0.0,0.0
,,,,,,,S,0.0,0.0,0.0,0.0,0.0,0.0,0.0,<RE>
1FL,E,1,2,FB1,1,3000,,0.0,0.0,0.0,0.0,0.0,0.0,0.0
,,,,,,,S,0.0,0.0,0.0,0.0,0.0,0.0,0.0,<RE>
1FL,1,B,C,FG11,1,5036,,-22.6,8.4,-5.9,-5.7,5.7,0.0,0.0
,,,,,,,S,0.0,0.0,0.0,0.0,0.0,0.0,0.0,<RE>
1FL,1,C,D,FG11,1,2836,,5.9,-13.9,-21.9,-5.7,5.7,0.0,0.0
,,,,,,,S,0.0,0.0,0.0,0.0,0.0,0.0,0.0,<RE>
1FL,1,D,E,FCG1,1,1815,,0.0,0.0,0.0,0.0,0.0,0.0,0.0
,,,,,,,S,0.0,0.0,0.0,0.0,0.0,0.0,0.0,<RE>
1FL,2,A,B,FCG1,1,1715,,0.0,0.0,0.0,0.0,0.0,0.0,0.0
,,,,,,,S,0.0,0.0,0.0,0.0,0.0,0.0,0.0,<RE>
1FL,2,B,C,FG11,1,5036,,-24.2,8.9,-6.4,-6.1,6.1,0.0,0.0
,,,,,,,S,0.0,0.0,0.0,0.0,0.0,0.0,0.0,<RE>
1FL,2,C,D,FG11,1,2836,,6.4,-15.0,-23.6,-6.1,6.1,0.0,0.0
,,,,,,,S,0.0,0.0,0.0,0.0,0.0,0.0,0.0,<RE>
1FL,2,D,E,FCG1,1,1815,,0.0,0.0,0.0,0.0,0.0,0.0,0.0
,,,,,,,S,0.0,0.0,0.0,0.0,0.0,0.0,0.0,<RE>
1FL,3,A,B,FCG1,1,1715,,0.0,0.0,0.0,0.0,0.0,0.0,0.0
,,,,,,,S,0.0,0.0,0.0,0.0,0.0,0.0,0.0,<RE>
1FL,3,B,D,FG11,1,7871,,-46.3,0.4,-45.6,-11.7,11.7,0.0,0.0
,,,,,,,S,0.0,0.0,0.0,0.0,0.0,0.0,0.0,<RE>
1FL,3,D,E,FCG1,1,1815,,0.0,0.0,0.0,0.0,0.0,0.0,0.0
,,,,,,,S,0.0,0.0,0.0,0.0,0.0,0.0,0.0,<RE>
1FL,4,A,B,FCG1,1,1715,,0.0,0.0,0.0,0.0,0.0,0.0,0.0
,,,,,,,S,0.0,0.0,0.0,0.0,0.0,0.0,0.0,<RE>
1FL,4,B,D,FG11,1,7871,,-45.9,0.4,-45.3,-11.6,11.6,0.0,0.0
,,,,,,,S,0.0,0.0,0.0,0.0,0.0,0.0,0.0,<RE>
1FL,4,D,E,FCG1,1,1815,,0.0,0.0,0.0,0.0,0.0,0.0,0.0
,,,,,,,S,0.0,0.0,0.0,0.0,0.0,0.0,0.0,<RE>
1FL,5,A,B,FCG1,1,1715,,0.0,0.0,0.0,0.0,0.0,0.0,0.0
,,,,,,,S,0.0,0.0,0.0,0.0,0.0,0.0,0.0,<RE>
1FL,5,B,D,FG11,1,7871,,-45.6,0.4,-45.0,-11.6,11.6,0.0,0.0
,,,,,,,S,0.0,0.0,0.0,0.0,0.0,0.0,0.0,<RE>
1FL,5,D,E,FCG1,1,1815,,0.0,0.0,0.0,0.0,0.0,0.0,0.0
,,,,,,,S,0.0,0.0,0.0,0.0,0.0,0.0,0.0,<RE>
1FL,6,A,B,FCG1,1,1715,,0.0,0.0,0.0,0.0,0.0,0.0,0.0
,,,,,,,S,0.0,0.0,0.0,0.0,0.0,0.0,0.0,<RE>
1FL,6,B,D,FG11,1,7871,,-45.4,0.4,-44.7,-11.5,11.5,0.0,0.0
,,,,,,,S,0.0,0.0,0.0,0.0,0.0,0.0,0.0,<RE>
1FL,6,D,E,FCG1,1,1815,,0.0,0.0,0.0,0.0,0.0,0.0,0.0
,,,,,,,S,0.0,0.0,0.0,0.0,0.0,0.0,0.0,<RE>
1FL,7,A,B,FCG1,1,1715,,0.0,0.0,0.0,0.0,0.0,0.0,0.0
,,,,,,,S,0.0,0.0,0.0,0.0,0.0,0.0,0.0,<RE>
1FL,7,B,D,FG11,1,7871,,-23.0,0.2,-22.7,-5.8,5.8,0.0,0.0
,,,,,,,S,0.0,0.0,0.0,0.0,0.0,0.0,0.0,<RE>
1FL,7,D,E,FCG1,1,1815,,0.0,0.0,0.0,0.0,0.0,0.0,0.0
,,,,,,,S,0.0,0.0,0.0,0.0,0.0,0.0,0.0,<RE>


name=b\,case=WY-
w,腾把,|,,,,,^Cv,[M,M,E[M,[Q,E[Q,[T,E[T
,,,,,,mm,,kNm,kNm,kNm,kN,kN,kNm,kNm
<data>
1FL,B,1,2,FG1,1,3000,,0.4,-0.2,0.1,0.2,-0.2,0.0,0.0
,,,,,,,S,0.0,0.0,0.0,0.0,0.0,0.0,0.0,<RE>
1FL,B,2,3,FG1,1,4995,,-0.2,0.1,-0.2,-0.1,0.1,0.0,0.0
,,,,,,,S,0.0,0.0,0.0,0.0,0.0,0.0,0.0,<RE>
1FL,B,3,4,FG1,1,5200,,-0.1,-0.1,-0.1,-0.1,0.1,0.0,0.0
,,,,,,,S,0.0,0.0,0.0,0.0,0.0,0.0,0.0,<RE>
1FL,B,4,5,FG1,1,5200,,-0.2,-0.1,-0.2,-0.1,0.1,0.0,0.0
,,,,,,,S,0.0,0.0,0.0,0.0,0.0,0.0,0.0,<RE>
1FL,B,5,6,FG1,1,5200,,-0.1,0.1,-0.1,-0.1,0.1,0.0,0.0
,,,,,,,S,0.0,0.0,0.0,0.0,0.0,0.0,0.0,<RE>
1FL,B,6,7,FG2,1,4995,,-0.2,-0.1,-0.4,-0.2,0.2,0.0,0.0
,,,,,,,S,0.0,0.0,0.0,0.0,0.0,0.0,0.0,<RE>
1FL,D,1,2,FG1,1,3000,,0.8,-0.4,-0.1,0.3,-0.3,0.0,0.0
,,,,,,,S,0.0,0.0,0.0,0.0,0.0,0.0,0.0,<RE>
1FL,D,2,3,FG1,1,4995,,-0.3,0.2,-0.1,-0.1,0.1,0.0,0.0
,,,,,,,S,0.0,0.0,0.0,0.0,0.0,0.0,0.0,<RE>
1FL,D,3,4,FG1,1,5200,,0.2,-0.1,0.2,0.1,-0.1,0.0,0.0
,,,,,,,S,0.0,0.0,0.0,0.0,0.0,0.0,0.0,<RE>
1FL,D,4,5,FG1,1,5200,,0.1,0.1,0.1,0.1,-0.1,0.0,0.0
,,,,,,,S,0.0,0.0,0.0,0.0,0.0,0.0,0.0,<RE>
1FL,D,5,6,FG1,1,5200,,0.1,0.1,0.2,0.1,-0.1,0.0,0.0
,,,,,,,S,0.0,0.0,0.0,0.0,0.0,0.0,0.0,<RE>
1FL,D,6,7,FG2,1,4995,,-0.1,-0.1,-0.3,-0.1,0.1,0.0,0.0
,,,,,,,S,0.0,0.0,0.0,0.0,0.0,0.0,0.0,<RE>
1FL,E,1,2,FB1,1,3000,,0.0,0.0,0.0,0.0,0.0,0.0,0.0
,,,,,,,S,0.0,0.0,0.0,0.0,0.0,0.0,0.0,<RE>
1FL,1,B,C,FG11,1,5036,,23.2,-8.6,6.2,5.9,-5.9,0.0,0.0
,,,,,,,S,0.0,0.0,0.0,0.0,0.0,0.0,0.0,<RE>
1FL,1,C,D,FG11,1,2836,,-6.2,14.5,22.8,5.9,-5.9,0.0,0.0
,,,,,,,S,0.0,0.0,0.0,0.0,0.0,0.0,0.0,<RE>
1FL,1,D,E,FCG1,1,1815,,0.0,0.0,0.0,0.0,0.0,0.0,0.0
,,,,,,,S,0.0,0.0,0.0,0.0,0.0,0.0,0.0,<RE>
1FL,2,A,B,FCG1,1,1715,,0.0,0.0,0.0,0.0,0.0,0.0,0.0
,,,,,,,S,0.0,0.0,0.0,0.0,0.0,0.0,0.0,<RE>
1FL,2,B,C,FG11,1,5036,,24.7,-8.9,7.0,6.3,-6.3,0.0,0.0
,,,,,,,S,0.0,0.0,0.0,0.0,0.0,0.0,0.0,<RE>
1FL,2,C,D,FG11,1,2836,,-7.0,15.9,24.7,6.3,-6.3,0.0,0.0
,,,,,,,S,0.0,0.0,0.0,0.0,0.0,0.0,0.0,<RE>
1FL,2,D,E,FCG1,1,1815,,0.0,0.0,0.0,0.0,0.0,0.0,0.0
,,,,,,,S,0.0,0.0,0.0,0.0,0.0,0.0,0.0,<RE>
1FL,3,A,B,FCG1,1,1715,,0.0,0.0,0.0,0.0,0.0,0.0,0.0
,,,,,,,S,0.0,0.0,0.0,0.0,0.0,0.0,0.0,<RE>
1FL,3,B,D,FG11,1,7871,,47.5,0.3,47.9,12.2,-12.2,0.0,0.0
,,,,,,,S,0.0,0.0,0.0,0.0,0.0,0.0,0.0,<RE>
1FL,3,D,E,FCG1,1,1815,,0.0,0.0,0.0,0.0,0.0,0.0,0.0
,,,,,,,S,0.0,0.0,0.0,0.0,0.0,0.0,0.0,<RE>
1FL,4,A,B,FCG1,1,1715,,0.0,0.0,0.0,0.0,0.0,0.0,0.0
,,,,,,,S,0.0,0.0,0.0,0.0,0.0,0.0,0.0,<RE>
1FL,4,B,D,FG11,1,7871,,47.3,0.3,47.7,12.1,-12.1,0.0,0.0
,,,,,,,S,0.0,0.0,0.0,0.0,0.0,0.0,0.0,<RE>
1FL,4,D,E,FCG1,1,1815,,0.0,0.0,0.0,0.0,0.0,0.0,0.0
,,,,,,,S,0.0,0.0,0.0,0.0,0.0,0.0,0.0,<RE>
1FL,5,A,B,FCG1,1,1715,,0.0,0.0,0.0,0.0,0.0,0.0,0.0
,,,,,,,S,0.0,0.0,0.0,0.0,0.0,0.0,0.0,<RE>
1FL,5,B,D,FG11,1,7871,,47.0,0.3,47.4,12.0,-12.0,0.0,0.0
,,,,,,,S,0.0,0.0,0.0,0.0,0.0,0.0,0.0,<RE>
1FL,5,D,E,FCG1,1,1815,,0.0,0.0,0.0,0.0,0.0,0.0,0.0
,,,,,,,S,0.0,0.0,0.0,0.0,0.0,0.0,0.0,<RE>
1FL,6,A,B,FCG1,1,1715,,0.0,0.0,0.0,0.0,0.0,0.0,0.0
,,,,,,,S,0.0,0.0,0.0,0.0,0.0,0.0,0.0,<RE>
1FL,6,B,D,FG11,1,7871,,46.8,0.3,47.2,12.0,-12.0,0.0,0.0
,,,,,,,S,0.0,0.0,0.0,0.0,0.0,0.0,0.0,<RE>
1FL,6,D,E,FCG1,1,1815,,0.0,0.0,0.0,0.0,0.0,0.0,0.0
,,,,,,,S,0.0,0.0,0.0,0.0,0.0,0.0,0.0,<RE>
1FL,7,A,B,FCG1,1,1715,,0.0,0.0,0.0,0.0,0.0,0.0,0.0
,,,,,,,S,0.0,0.0,0.0,0.0,0.0,0.0,0.0,<RE>
1FL,7,B,D,FG11,1,7871,,23.8,0.1,24.0,6.1,-6.1,0.0,0.0
,,,,,,,S,0.0,0.0,0.0,0.0,0.0,0.0,0.0,<RE>
1FL,7,D,E,FCG1,1,1815,,0.0,0.0,0.0,0.0,0.0,0.0,0.0
,,,,,,,S,0.0,0.0,0.0,0.0,0.0,0.0,0.0,<RE>


name=b\,case=EX+
w,腾把,|,,,,,^Cv,[M,M,E[M,[Q,E[Q,[T,E[T
,,,,,,mm,,kNm,kNm,kNm,kN,kN,kNm,kNm
<data>
1FL,B,1,2,FG1,1,3000,,-53.8,10.4,-33.1,-29.0,29.0,0.0,0.0
,,,,,,,S,0.0,0.0,0.0,0.0,0.0,0.0,0.0
,,,,,,,YM,-83.7,-4.3,-92.2,-58.6,58.6,-0.3,0.3,<RE>
1FL,B,2,3,FG1,1,4995,,-36.4,-13.0,-62.3,-19.8,19.8,0.0,0.0
,,,,,,,S,0.0,0.0,0.0,0.0,0.0,0.0,0.0
,,,,,,,YM,-75.4,-3.7,-82.7,-31.7,31.7,0.1,-0.1,<RE>
1FL,B,3,4,FG1,1,5200,,-81.0,3.2,-74.6,-30.0,30.0,0.0,0.0
,,,,,,,S,0.0,0.0,0.0,0.0,0.0,0.0,0.0
,,,,,,,YM,-85.0,1.4,-82.4,-32.2,32.2,0.1,-0.1,<RE>
1FL,B,4,5,FG1,1,5200,,-69.3,-0.9,-71.0,-27.0,27.0,0.0,0.0
,,,,,,,S,0.0,0.0,0.0,0.0,0.0,0.0,0.0
,,,,,,,YM,-85.3,-2.7,-90.6,-33.9,33.9,0.1,-0.1,<RE>
1FL,B,5,6,FG1,1,5200,,-72.7,0.1,-72.7,-28.0,28.0,0.0,0.0
,,,,,,,S,0.0,0.0,0.0,0.0,0.0,0.0,0.0
,,,,,,,YM,-77.1,8.8,-59.7,-26.3,26.3,0.1,-0.1,<RE>
1FL,B,6,7,FG2,1,4995,,-71.4,1.7,-68.0,-27.9,27.9,0.0,0.0
,,,,,,,S,0.0,0.0,0.0,0.0,0.0,0.0,0.0
,,,,,,,YM,-108.0,-29.9,-167.6,-55.2,55.2,0.1,-0.1,<RE>
1FL,D,1,2,FG1,1,3000,,-69.9,13.9,-42.1,-37.4,37.4,0.0,0.0
,,,,,,,S,0.0,0.0,0.0,0.0,0.0,0.0,0.0
,,,,,,,YM,-81.4,-5.5,-92.2,-57.9,57.9,0.6,-0.6,<RE>
1FL,D,2,3,FG1,1,4995,,-36.5,-12.6,-61.5,-19.7,19.7,0.0,0.0
,,,,,,,S,0.0,0.0,0.0,0.0,0.0,0.0,0.0
,,,,,,,YM,-71.8,-5.0,-81.7,-30.8,30.8,-0.2,0.2,<RE>
1FL,D,3,4,FG1,1,5200,,-79.9,3.0,-74.1,-29.6,29.6,0.0,0.0
,,,,,,,S,0.0,0.0,0.0,0.0,0.0,0.0,0.0
,,,,,,,YM,-86.0,1.7,-82.7,-32.5,32.5,-0.1,0.1,<RE>
1FL,D,4,5,FG1,1,5200,,-69.2,-0.8,-70.7,-26.9,26.9,0.0,0.0
,,,,,,,S,0.0,0.0,0.0,0.0,0.0,0.0,0.0
,,,,,,,YM,-85.0,-2.8,-90.5,-33.8,33.8,-0.1,0.1,<RE>
1FL,D,5,6,FG1,1,5200,,-72.3,0.1,-72.3,-27.8,27.8,0.0,0.0
,,,,,,,S,0.0,0.0,0.0,0.0,0.0,0.0,0.0
,,,,,,,YM,-77.2,8.8,-59.7,-26.4,26.4,-0.1,0.1,<RE>
1FL,D,6,7,FG2,1,4995,,-71.0,1.7,-67.7,-27.8,27.8,0.0,0.0
,,,,,,,S,0.0,0.0,0.0,0.0,0.0,0.0,0.0
,,,,,,,YM,-108.0,-29.9,-167.6,-55.2,55.2,-0.1,0.1,<RE>
1FL,E,1,2,FB1,1,3000,,0.0,0.0,0.0,0.0,0.0,0.0,0.0
,,,,,,,S,0.0,0.0,0.0,0.0,0.0,0.0,0.0
,,,,,,,YM,-2.7,-0.7,-3.9,-2.2,2.2,0.5,-0.5,<RE>
1FL,1,B,C,FG11,1,5036,,0.5,-0.2,0.2,0.2,-0.2,0.0,0.0
,,,,,,,S,0.0,0.0,0.0,0.0,0.0,0.0,0.0
,,,,,,,YM,0.3,0.8,1.8,0.5,-0.5,0.2,-0.2,<RE>
1FL,1,C,D,FG11,1,2836,,-0.2,0.3,0.5,0.2,-0.2,0.0,0.0
,,,,,,,S,0.0,0.0,0.0,0.0,0.0,0.0,0.0
,,,,,,,YM,-1.8,2.4,3.0,0.5,-0.5,0.2,-0.2,<RE>
1FL,1,D,E,FCG1,1,1815,,0.0,0.0,0.0,0.0,0.0,0.0,0.0
,,,,,,,S,0.0,0.0,0.0,0.0,0.0,0.0,0.0
,,,,,,,YM,-3.5,1.6,-0.5,-2.2,2.2,2.7,-2.7,<RE>
1FL,2,A,B,FCG1,1,1715,,0.0,0.0,0.0,0.0,0.0,0.0,0.0
,,,,,,,S,0.0,0.0,0.0,0.0,0.0,0.0,0.0
,,,,,,,YM,0.0,0.0,0.0,0.0,0.0,0.0,0.0,<RE>
1FL,2,B,C,FG11,1,5036,,0.7,-0.3,0.2,0.2,-0.2,0.0,0.0
,,,,,,,S,0.0,0.0,0.0,0.0,0.0,0.0,0.0
,,,,,,,YM,-0.4,-0.7,-1.7,-0.4,0.4,0.2,-0.2,<RE>
1FL,2,C,D,FG11,1,2836,,-0.2,0.4,0.7,0.2,-0.2,0.0,0.0
,,,,,,,S,0.0,0.0,0.0,0.0,0.0,0.0,0.0
,,,,,,,YM,1.7,-2.3,-2.8,-0.4,0.4,0.2,-0.2,<RE>
1FL,2,D,E,FCG1,1,1815,,0.0,0.0,0.0,0.0,0.0,0.0,0.0
,,,,,,,S,0.0,0.0,0.0,0.0,0.0,0.0,0.0
,,,,,,,YM,3.5,-1.6,0.5,2.2,-2.2,3.9,-3.9,<RE>
1FL,3,A,B,FCG1,1,1715,,0.0,0.0,0.0,0.0,0.0,0.0,0.0
,,,,,,,S,0.0,0.0,0.0,0.0,0.0,0.0,0.0
,,,,,,,YM,0.0,0.0,0.0,0.0,0.0,0.0,0.0,<RE>
1FL,3,B,D,FG11,1,7871,,0.6,0.1,0.6,0.2,-0.2,0.0,0.0
,,,,,,,S,0.0,0.0,0.0,0.0,0.0,0.0,0.0
,,,,,,,YM,0.1,-0.1,-0.2,-0.1,0.1,-0.1,0.1,<RE>
1FL,3,D,E,FCG1,1,1815,,0.0,0.0,0.0,0.0,0.0,0.0,0.0
,,,,,,,S,0.0,0.0,0.0,0.0,0.0,0.0,0.0
,,,,,,,YM,0.0,0.0,0.0,0.0,0.0,0.0,0.0,<RE>
1FL,4,A,B,FCG1,1,1715,,0.0,0.0,0.0,0.0,0.0,0.0,0.0
,,,,,,,S,0.0,0.0,0.0,0.0,0.0,0.0,0.0
,,,,,,,YM,0.0,0.0,0.0,0.0,0.0,0.0,0.0,<RE>
1FL,4,B,D,FG11,1,7871,,0.2,-0.1,0.2,0.1,-0.1,0.0,0.0
,,,,,,,S,0.0,0.0,0.0,0.0,0.0,0.0,0.0
,,,,,,,YM,0.1,-0.1,-0.1,-0.1,0.1,0.1,-0.1,<RE>
1FL,4,D,E,FCG1,1,1815,,0.0,0.0,0.0,0.0,0.0,0.0,0.0
,,,,,,,S,0.0,0.0,0.0,0.0,0.0,0.0,0.0
,,,,,,,YM,0.0,0.0,0.0,0.0,0.0,0.0,0.0,<RE>
1FL,5,A,B,FCG1,1,1715,,0.0,0.0,0.0,0.0,0.0,0.0,0.0
,,,,,,,S,0.0,0.0,0.0,0.0,0.0,0.0,0.0
,,,,,,,YM,0.0,0.0,0.0,0.0,0.0,0.0,0.0,<RE>
1FL,5,B,D,FG11,1,7871,,-0.4,-0.1,-0.4,-0.1,0.1,0.0,0.0
,,,,,,,S,0.0,0.0,0.0,0.0,0.0,0.0,0.0
,,,,,,,YM,0.1,-0.1,-0.1,-0.1,0.1,-0.1,0.1,<RE>
1FL,5,D,E,FCG1,1,1815,,0.0,0.0,0.0,0.0,0.0,0.0,0.0
,,,,,,,S,0.0,0.0,0.0,0.0,0.0,0.0,0.0
,,,,,,,YM,0.0,0.0,0.0,0.0,0.0,0.0,0.0,<RE>
1FL,6,A,B,FCG1,1,1715,,0.0,0.0,0.0,0.0,0.0,0.0,0.0
,,,,,,,S,0.0,0.0,0.0,0.0,0.0,0.0,0.0
,,,,,,,YM,0.0,0.0,0.0,0.0,0.0,0.0,0.0,<RE>
1FL,6,B,D,FG11,1,7871,,-0.8,-0.1,-0.8,-0.2,0.2,0.0,0.0
,,,,,,,S,0.0,0.0,0.0,0.0,0.0,0.0,0.0
,,,,,,,YM,0.1,-0.1,-0.1,-0.1,0.1,0.1,-0.1,<RE>
1FL,6,D,E,FCG1,1,1815,,0.0,0.0,0.0,0.0,0.0,0.0,0.0
,,,,,,,S,0.0,0.0,0.0,0.0,0.0,0.0,0.0
,,,,,,,YM,0.0,0.0,0.0,0.0,0.0,0.0,0.0,<RE>
1FL,7,A,B,FCG1,1,1715,,0.0,0.0,0.0,0.0,0.0,0.0,0.0
,,,,,,,S,0.0,0.0,0.0,0.0,0.0,0.0,0.0
,,,,,,,YM,0.0,0.0,0.0,0.0,0.0,0.0,0.0,<RE>
1FL,7,B,D,FG11,1,7871,,-0.7,-0.1,-0.7,-0.2,0.2,0.0,0.0
,,,,,,,S,0.0,0.0,0.0,0.0,0.0,0.0,0.0
,,,,,,,YM,0.1,-0.1,-0.1,0.0,0.0,-0.1,0.1,<RE>
1FL,7,D,E,FCG1,1,1815,,0.0,0.0,0.0,0.0,0.0,0.0,0.0
,,,,,,,S,0.0,0.0,0.0,0.0,0.0,0.0,0.0
,,,,,,,YM,0.0,0.0,0.0,0.0,0.0,0.0,0.0,<RE>


name=b\,case=EX-
w,腾把,|,,,,,^Cv,[M,M,E[M,[Q,E[Q,[T,E[T
,,,,,,mm,,kNm,kNm,kNm,kN,kN,kNm,kNm
<data>
1FL,B,1,2,FG1,1,3000,,53.8,-10.4,33.1,29.0,-29.0,0.0,0.0
,,,,,,,S,0.0,0.0,0.0,0.0,0.0,0.0,0.0
,,,,,,,YM,83.7,4.3,92.2,58.6,-58.6,0.3,-0.3,<RE>
1FL,B,2,3,FG1,1,4995,,36.4,13.0,62.3,19.8,-19.8,0.0,0.0
,,,,,,,S,0.0,0.0,0.0,0.0,0.0,0.0,0.0
,,,,,,,YM,75.4,3.7,82.7,31.7,-31.7,-0.1,0.1,<RE>
1FL,B,3,4,FG1,1,5200,,81.0,-3.2,74.6,30.0,-30.0,0.0,0.0
,,,,,,,S,0.0,0.0,0.0,0.0,0.0,0.0,0.0
,,,,,,,YM,85.0,-1.4,82.4,32.2,-32.2,-0.1,0.1,<RE>
1FL,B,4,5,FG1,1,5200,,69.3,0.9,71.0,27.0,-27.0,0.0,0.0
,,,,,,,S,0.0,0.0,0.0,0.0,0.0,0.0,0.0
,,,,,,,YM,85.3,2.7,90.6,33.9,-33.9,-0.1,0.1,<RE>
1FL,B,5,6,FG1,1,5200,,72.7,-0.1,72.7,28.0,-28.0,0.0,0.0
,,,,,,,S,0.0,0.0,0.0,0.0,0.0,0.0,0.0
,,,,,,,YM,77.1,-8.8,59.7,26.3,-26.3,-0.1,0.1,<RE>
1FL,B,6,7,FG2,1,4995,,71.4,-1.7,68.0,27.9,-27.9,0.0,0.0
,,,,,,,S,0.0,0.0,0.0,0.0,0.0,0.0,0.0
,,,,,,,YM,108.0,29.9,167.6,55.2,-55.2,-0.1,0.1,<RE>
1FL,D,1,2,FG1,1,3000,,69.9,-13.9,42.1,37.4,-37.4,0.0,0.0
,,,,,,,S,0.0,0.0,0.0,0.0,0.0,0.0,0.0
,,,,,,,YM,81.4,5.5,92.2,57.9,-57.9,-0.6,0.6,<RE>
1FL,D,2,3,FG1,1,4995,,36.5,12.6,61.5,19.7,-19.7,0.0,0.0
,,,,,,,S,0.0,0.0,0.0,0.0,0.0,0.0,0.0
,,,,,,,YM,71.8,5.0,81.7,30.8,-30.8,0.2,-0.2,<RE>
1FL,D,3,4,FG1,1,5200,,79.9,-3.0,74.1,29.6,-29.6,0.0,0.0
,,,,,,,S,0.0,0.0,0.0,0.0,0.0,0.0,0.0
,,,,,,,YM,86.0,-1.7,82.7,32.5,-32.5,0.1,-0.1,<RE>
1FL,D,4,5,FG1,1,5200,,69.2,0.8,70.7,26.9,-26.9,0.0,0.0
,,,,,,,S,0.0,0.0,0.0,0.0,0.0,0.0,0.0
,,,,,,,YM,85.0,2.8,90.5,33.8,-33.8,0.1,-0.1,<RE>
1FL,D,5,6,FG1,1,5200,,72.3,-0.1,72.3,27.8,-27.8,0.0,0.0
,,,,,,,S,0.0,0.0,0.0,0.0,0.0,0.0,0.0
,,,,,,,YM,77.2,-8.8,59.7,26.4,-26.4,0.1,-0.1,<RE>
1FL,D,6,7,FG2,1,4995,,71.0,-1.7,67.7,27.8,-27.8,0.0,0.0
,,,,,,,S,0.0,0.0,0.0,0.0,0.0,0.0,0.0
,,,,,,,YM,108.0,29.9,167.6,55.2,-55.2,0.1,-0.1,<RE>
1FL,E,1,2,FB1,1,3000,,0.0,0.0,0.0,0.0,0.0,0.0,0.0
,,,,,,,S,0.0,0.0,0.0,0.0,0.0,0.0,0.0
,,,,,,,YM,2.7,0.7,3.9,2.2,-2.2,-0.5,0.5,<RE>
1FL,1,B,C,FG11,1,5036,,-0.5,0.2,-0.2,-0.2,0.2,0.0,0.0
,,,,,,,S,0.0,0.0,0.0,0.0,0.0,0.0,0.0
,,,,,,,YM,-0.3,-0.8,-1.8,-0.5,0.5,-0.2,0.2,<RE>
1FL,1,C,D,FG11,1,2836,,0.2,-0.3,-0.5,-0.2,0.2,0.0,0.0
,,,,,,,S,0.0,0.0,0.0,0.0,0.0,0.0,0.0
,,,,,,,YM,1.8,-2.4,-3.0,-0.5,0.5,-0.2,0.2,<RE>
1FL,1,D,E,FCG1,1,1815,,0.0,0.0,0.0,0.0,0.0,0.0,0.0
,,,,,,,S,0.0,0.0,0.0,0.0,0.0,0.0,0.0
,,,,,,,YM,3.5,-1.6,0.5,2.2,-2.2,-2.7,2.7,<RE>
1FL,2,A,B,FCG1,1,1715,,0.0,0.0,0.0,0.0,0.0,0.0,0.0
,,,,,,,S,0.0,0.0,0.0,0.0,0.0,0.0,0.0
,,,,,,,YM,0.0,0.0,0.0,0.0,0.0,0.0,0.0,<RE>
1FL,2,B,C,FG11,1,5036,,-0.7,0.3,-0.2,-0.2,0.2,0.0,0.0
,,,,,,,S,0.0,0.0,0.0,0.0,0.0,0.0,0.0
,,,,,,,YM,0.4,0.7,1.7,0.4,-0.4,-0.2,0.2,<RE>
1FL,2,C,D,FG11,1,2836,,0.2,-0.4,-0.7,-0.2,0.2,0.0,0.0
,,,,,,,S,0.0,0.0,0.0,0.0,0.0,0.0,0.0
,,,,,,,YM,-1.7,2.3,2.8,0.4,-0.4,-0.2,0.2,<RE>
1FL,2,D,E,FCG1,1,1815,,0.0,0.0,0.0,0.0,0.0,0.0,0.0
,,,,,,,S,0.0,0.0,0.0,0.0,0.0,0.0,0.0
,,,,,,,YM,-3.5,1.6,-0.5,-2.2,2.2,-3.9,3.9,<RE>
1FL,3,A,B,FCG1,1,1715,,0.0,0.0,0.0,0.0,0.0,0.0,0.0
,,,,,,,S,0.0,0.0,0.0,0.0,0.0,0.0,0.0
,,,,,,,YM,0.0,0.0,0.0,0.0,0.0,0.0,0.0,<RE>
1FL,3,B,D,FG11,1,7871,,-0.6,-0.1,-0.6,-0.2,0.2,0.0,0.0
,,,,,,,S,0.0,0.0,0.0,0.0,0.0,0.0,0.0
,,,,,,,YM,-0.1,0.1,0.2,0.1,-0.1,0.1,-0.1,<RE>
1FL,3,D,E,FCG1,1,1815,,0.0,0.0,0.0,0.0,0.0,0.0,0.0
,,,,,,,S,0.0,0.0,0.0,0.0,0.0,0.0,0.0
,,,,,,,YM,0.0,0.0,0.0,0.0,0.0,0.0,0.0,<RE>
1FL,4,A,B,FCG1,1,1715,,0.0,0.0,0.0,0.0,0.0,0.0,0.0
,,,,,,,S,0.0,0.0,0.0,0.0,0.0,0.0,0.0
,,,,,,,YM,0.0,0.0,0.0,0.0,0.0,0.0,0.0,<RE>
1FL,4,B,D,FG11,1,7871,,-0.2,0.1,-0.2,-0.1,0.1,0.0,0.0
,,,,,,,S,0.0,0.0,0.0,0.0,0.0,0.0,0.0
,,,,,,,YM,-0.1,0.1,0.1,0.1,-0.1,-0.1,0.1,<RE>
1FL,4,D,E,FCG1,1,1815,,0.0,0.0,0.0,0.0,0.0,0.0,0.0
,,,,,,,S,0.0,0.0,0.0,0.0,0.0,0.0,0.0
,,,,,,,YM,0.0,0.0,0.0,0.0,0.0,0.0,0.0,<RE>
1FL,5,A,B,FCG1,1,1715,,0.0,0.0,0.0,0.0,0.0,0.0,0.0
,,,,,,,S,0.0,0.0,0.0,0.0,0.0,0.0,0.0
,,,,,,,YM,0.0,0.0,0.0,0.0,0.0,0.0,0.0,<RE>
1FL,5,B,D,FG11,1,7871,,0.4,0.1,0.4,0.1,-0.1,0.0,0.0
,,,,,,,S,0.0,0.0,0.0,0.0,0.0,0.0,0.0
,,,,,,,YM,-0.1,0.1,0.1,0.1,-0.1,0.1,-0.1,<RE>
1FL,5,D,E,FCG1,1,1815,,0.0,0.0,0.0,0.0,0.0,0.0,0.0
,,,,,,,S,0.0,0.0,0.0,0.0,0.0,0.0,0.0
,,,,,,,YM,0.0,0.0,0.0,0.0,0.0,0.0,0.0,<RE>
1FL,6,A,B,FCG1,1,1715,,0.0,0.0,0.0,0.0,0.0,0.0,0.0
,,,,,,,S,0.0,0.0,0.0,0.0,0.0,0.0,0.0
,,,,,,,YM,0.0,0.0,0.0,0.0,0.0,0.0,0.0,<RE>
1FL,6,B,D,FG11,1,7871,,0.8,0.1,0.8,0.2,-0.2,0.0,0.0
,,,,,,,S,0.0,0.0,0.0,0.0,0.0,0.0,0.0
,,,,,,,YM,-0.1,0.1,0.1,0.1,-0.1,-0.1,0.1,<RE>
1FL,6,D,E,FCG1,1,1815,,0.0,0.0,0.0,0.0,0.0,0.0,0.0
,,,,,,,S,0.0,0.0,0.0,0.0,0.0,0.0,0.0
,,,,,,,YM,0.0,0.0,0.0,0.0,0.0,0.0,0.0,<RE>
1FL,7,A,B,FCG1,1,1715,,0.0,0.0,0.0,0.0,0.0,0.0,0.0
,,,,,,,S,0.0,0.0,0.0,0.0,0.0,0.0,0.0
,,,,,,,YM,0.0,0.0,0.0,0.0,0.0,0.0,0.0,<RE>
1FL,7,B,D,FG11,1,7871,,0.7,0.1,0.7,0.2,-0.2,0.0,0.0
,,,,,,,S,0.0,0.0,0.0,0.0,0.0,0.0,0.0
,,,,,,,YM,-0.1,0.1,0.1,0.0,0.0,0.1,-0.1,<RE>
1FL,7,D,E,FCG1,1,1815,,0.0,0.0,0.0,0.0,0.0,0.0,0.0
,,,,,,,S,0.0,0.0,0.0,0.0,0.0,0.0,0.0
,,,,,,,YM,0.0,0.0,0.0,0.0,0.0,0.0,0.0,<RE>


name=b\,case=EY+
w,腾把,|,,,,,^Cv,[M,M,E[M,[Q,E[Q,[T,E[T
,,,,,,mm,,kNm,kNm,kNm,kN,kN,kNm,kNm
<data>
1FL,B,1,2,FG1,1,3000,,-0.3,0.1,-0.1,-0.1,0.1,0.0,0.0
,,,,,,,S,0.0,0.0,0.0,0.0,0.0,0.0,0.0
,,,,,,,YM,-0.1,0.1,-0.1,-0.1,0.1,3.2,-3.2,<RE>
1FL,B,2,3,FG1,1,4995,,-0.1,-0.1,-0.1,-0.1,0.1,0.0,0.0
,,,,,,,S,0.0,0.0,0.0,0.0,0.0,0.0,0.0
,,,,,,,YM,0.1,0.1,0.1,0.1,-0.1,-0.1,0.1,<RE>
1FL,B,3,4,FG1,1,5200,,-0.2,0.1,-0.1,-0.1,0.1,0.0,0.0
,,,,,,,S,0.0,0.0,0.0,0.0,0.0,0.0,0.0
,,,,,,,YM,0.1,-0.1,-0.1,0.1,-0.1,-0.1,0.1,<RE>
1FL,B,4,5,FG1,1,5200,,-0.1,-0.1,-0.1,-0.1,0.1,0.0,0.0
,,,,,,,S,0.0,0.0,0.0,0.0,0.0,0.0,0.0
,,,,,,,YM,-0.1,0.1,-0.1,-0.1,0.1,0.1,-0.1,<RE>
1FL,B,5,6,FG1,1,5200,,-0.1,0.1,-0.1,-0.1,0.1,0.0,0.0
,,,,,,,S,0.0,0.0,0.0,0.0,0.0,0.0,0.0
,,,,,,,YM,0.1,-0.1,0.1,0.1,-0.1,0.1,-0.1,<RE>
1FL,B,6,7,FG2,1,4995,,-0.1,-0.1,-0.2,-0.1,0.1,0.0,0.0
,,,,,,,S,0.0,0.0,0.0,0.0,0.0,0.0,0.0
,,,,,,,YM,-0.1,0.1,0.1,-0.1,0.1,1.0,-1.0,<RE>
1FL,D,1,2,FG1,1,3000,,0.2,-0.1,0.1,0.1,-0.1,0.0,0.0
,,,,,,,S,0.0,0.0,0.0,0.0,0.0,0.0,0.0
,,,,,,,YM,-2.2,0.3,-1.8,-1.4,1.4,2.3,-2.3,<RE>
1FL,D,2,3,FG1,1,4995,,0.1,0.1,0.1,0.1,-0.1,0.0,0.0
,,,,,,,S,0.0,0.0,0.0,0.0,0.0,0.0,0.0
,,,,,,,YM,-0.5,0.2,-0.2,-0.2,0.2,0.2,-0.2,<RE>
1FL,D,3,4,FG1,1,5200,,0.2,-0.1,0.2,0.1,-0.1,0.0,0.0
,,,,,,,S,0.0,0.0,0.0,0.0,0.0,0.0,0.0
,,,,,,,YM,0.2,-0.1,0.1,0.1,-0.1,0.1,-0.1,<RE>
1FL,D,4,5,FG1,1,5200,,0.2,0.1,0.2,0.1,-0.1,0.0,0.0
,,,,,,,S,0.0,0.0,0.0,0.0,0.0,0.0,0.0
,,,,,,,YM,-0.1,0.1,-0.1,-0.1,0.1,0.1,-0.1,<RE>
1FL,D,5,6,FG1,1,5200,,0.2,-0.1,0.2,0.1,-0.1,0.0,0.0
,,,,,,,S,0.0,0.0,0.0,0.0,0.0,0.0,0.0
,,,,,,,YM,0.1,-0.1,0.1,0.1,-0.1,0.1,-0.1,<RE>
1FL,D,6,7,FG2,1,4995,,0.2,0.1,0.2,0.1,-0.1,0.0,0.0
,,,,,,,S,0.0,0.0,0.0,0.0,0.0,0.0,0.0
,,,,,,,YM,-0.1,0.1,-0.1,-0.1,0.1,1.0,-1.0,<RE>
1FL,E,1,2,FB1,1,3000,,0.0,0.0,0.0,0.0,0.0,0.0,0.0
,,,,,,,S,0.0,0.0,0.0,0.0,0.0,0.0,0.0
,,,,,,,YM,2.3,0.1,2.3,1.6,-1.6,0.9,-0.9,<RE>
1FL,1,B,C,FG11,1,5036,,-65.3,23.9,-17.5,-16.5,16.5,0.0,0.0
,,,,,,,S,0.0,0.0,0.0,0.0,0.0,0.0,0.0
,,,,,,,YM,-87.0,30.5,-26.1,-22.5,22.5,-0.1,0.1,<RE>
1FL,1,C,D,FG11,1,2836,,17.5,-40.8,-64.1,-16.5,16.5,0.0,0.0
,,,,,,,S,0.0,0.0,0.0,0.0,0.0,0.0,0.0
,,,,,,,YM,26.1,-57.9,-89.7,-22.5,22.5,-0.1,0.1,<RE>
1FL,1,D,E,FCG1,1,1815,,0.0,0.0,0.0,0.0,0.0,0.0,0.0
,,,,,,,S,0.0,0.0,0.0,0.0,0.0,0.0,0.0
,,,,,,,YM,3.7,-2.3,-0.9,1.6,-1.6,-2.3,2.3,<RE>
1FL,2,A,B,FCG1,1,1715,,0.0,0.0,0.0,0.0,0.0,0.0,0.0
,,,,,,,S,0.0,0.0,0.0,0.0,0.0,0.0,0.0
,,,,,,,YM,0.0,0.0,0.0,0.0,0.0,0.0,0.0,<RE>
1FL,2,B,C,FG11,1,5036,,-69.1,25.0,-19.3,-17.6,17.6,0.0,0.0
,,,,,,,S,0.0,0.0,0.0,0.0,0.0,0.0,0.0
,,,,,,,YM,-164.4,60.1,-44.4,-41.5,41.5,-0.1,0.1,<RE>
1FL,2,C,D,FG11,1,2836,,19.3,-44.1,-69.0,-17.6,17.6,0.0,0.0
,,,,,,,S,0.0,0.0,0.0,0.0,0.0,0.0,0.0
,,,,,,,YM,44.4,-103.1,-161.9,-41.5,41.5,-0.1,0.1,<RE>
1FL,2,D,E,FCG1,1,1815,,0.0,0.0,0.0,0.0,0.0,0.0,0.0
,,,,,,,S,0.0,0.0,0.0,0.0,0.0,0.0,0.0
,,,,,,,YM,-3.7,2.3,0.9,-1.6,1.6,-2.3,2.3,<RE>
1FL,3,A,B,FCG1,1,1715,,0.0,0.0,0.0,0.0,0.0,0.0,0.0
,,,,,,,S,0.0,0.0,0.0,0.0,0.0,0.0,0.0
,,,,,,,YM,0.0,0.0,0.0,0.0,0.0,0.0,0.0,<RE>
1FL,3,B,D,FG11,1,7871,,-134.0,0.1,-133.8,-34.1,34.1,0.0,0.0
,,,,,,,S,0.0,0.0,0.0,0.0,0.0,0.0,0.0
,,,,,,,YM,-167.7,0.1,-167.5,-42.6,42.6,0.1,-0.1,<RE>
1FL,3,D,E,FCG1,1,1815,,0.0,0.0,0.0,0.0,0.0,0.0,0.0
,,,,,,,S,0.0,0.0,0.0,0.0,0.0,0.0,0.0
,,,,,,,YM,0.0,0.0,0.0,0.0,0.0,0.0,0.0,<RE>
1FL,4,A,B,FCG1,1,1715,,0.0,0.0,0.0,0.0,0.0,0.0,0.0
,,,,,,,S,0.0,0.0,0.0,0.0,0.0,0.0,0.0
,,,,,,,YM,0.0,0.0,0.0,0.0,0.0,0.0,0.0,<RE>
1FL,4,B,D,FG11,1,7871,,-134.2,0.1,-134.1,-34.1,34.1,0.0,0.0
,,,,,,,S,0.0,0.0,0.0,0.0,0.0,0.0,0.0
,,,,,,,YM,-167.7,0.1,-167.6,-42.6,42.6,-0.1,0.1,<RE>
1FL,4,D,E,FCG1,1,1815,,0.0,0.0,0.0,0.0,0.0,0.0,0.0
,,,,,,,S,0.0,0.0,0.0,0.0,0.0,0.0,0.0
,,,,,,,YM,0.0,0.0,0.0,0.0,0.0,0.0,0.0,<RE>
1FL,5,A,B,FCG1,1,1715,,0.0,0.0,0.0,0.0,0.0,0.0,0.0
,,,,,,,S,0.0,0.0,0.0,0.0,0.0,0.0,0.0
,,,,,,,YM,0.0,0.0,0.0,0.0,0.0,0.0,0.0,<RE>
1FL,5,B,D,FG11,1,7871,,-134.5,0.1,-134.3,-34.2,34.2,0.0,0.0
,,,,,,,S,0.0,0.0,0.0,0.0,0.0,0.0,0.0
,,,,,,,YM,-167.7,0.1,-167.7,-42.6,42.6,0.1,-0.1,<RE>
1FL,5,D,E,FCG1,1,1815,,0.0,0.0,0.0,0.0,0.0,0.0,0.0
,,,,,,,S,0.0,0.0,0.0,0.0,0.0,0.0,0.0
,,,,,,,YM,0.0,0.0,0.0,0.0,0.0,0.0,0.0,<RE>
1FL,6,A,B,FCG1,1,1715,,0.0,0.0,0.0,0.0,0.0,0.0,0.0
,,,,,,,S,0.0,0.0,0.0,0.0,0.0,0.0,0.0
,,,,,,,YM,0.0,0.0,0.0,0.0,0.0,0.0,0.0,<RE>
1FL,6,B,D,FG11,1,7871,,-134.7,0.1,-134.6,-34.3,34.3,0.0,0.0
,,,,,,,S,0.0,0.0,0.0,0.0,0.0,0.0,0.0
,,,,,,,YM,-168.5,0.1,-168.5,-42.9,42.9,-0.1,0.1,<RE>
1FL,6,D,E,FCG1,1,1815,,0.0,0.0,0.0,0.0,0.0,0.0,0.0
,,,,,,,S,0.0,0.0,0.0,0.0,0.0,0.0,0.0
,,,,,,,YM,0.0,0.0,0.0,0.0,0.0,0.0,0.0,<RE>
1FL,7,A,B,FCG1,1,1715,,0.0,0.0,0.0,0.0,0.0,0.0,0.0
,,,,,,,S,0.0,0.0,0.0,0.0,0.0,0.0,0.0
,,,,,,,YM,0.0,0.0,0.0,0.0,0.0,0.0,0.0,<RE>
1FL,7,B,D,FG11,1,7871,,-69.3,0.1,-69.2,-17.6,17.6,0.0,0.0
,,,,,,,S,0.0,0.0,0.0,0.0,0.0,0.0,0.0
,,,,,,,YM,-166.7,0.1,-166.7,-42.4,42.4,0.1,-0.1,<RE>
1FL,7,D,E,FCG1,1,1815,,0.0,0.0,0.0,0.0,0.0,0.0,0.0
,,,,,,,S,0.0,0.0,0.0,0.0,0.0,0.0,0.0
,,,,,,,YM,0.0,0.0,0.0,0.0,0.0,0.0,0.0,<RE>


name=b\,case=EY-
w,腾把,|,,,,,^Cv,[M,M,E[M,[Q,E[Q,[T,E[T
,,,,,,mm,,kNm,kNm,kNm,kN,kN,kNm,kNm
<data>
1FL,B,1,2,FG1,1,3000,,0.3,-0.1,0.1,0.1,-0.1,0.0,0.0
,,,,,,,S,0.0,0.0,0.0,0.0,0.0,0.0,0.0
,,,,,,,YM,0.1,-0.1,0.1,0.1,-0.1,-3.2,3.2,<RE>
1FL,B,2,3,FG1,1,4995,,0.1,0.1,0.1,0.1,-0.1,0.0,0.0
,,,,,,,S,0.0,0.0,0.0,0.0,0.0,0.0,0.0
,,,,,,,YM,-0.1,-0.1,-0.1,-0.1,0.1,0.1,-0.1,<RE>
1FL,B,3,4,FG1,1,5200,,0.2,-0.1,0.1,0.1,-0.1,0.0,0.0
,,,,,,,S,0.0,0.0,0.0,0.0,0.0,0.0,0.0
,,,,,,,YM,-0.1,0.1,0.1,-0.1,0.1,0.1,-0.1,<RE>
1FL,B,4,5,FG1,1,5200,,0.1,0.1,0.1,0.1,-0.1,0.0,0.0
,,,,,,,S,0.0,0.0,0.0,0.0,0.0,0.0,0.0
,,,,,,,YM,0.1,-0.1,0.1,0.1,-0.1,-0.1,0.1,<RE>
1FL,B,5,6,FG1,1,5200,,0.1,-0.1,0.1,0.1,-0.1,0.0,0.0
,,,,,,,S,0.0,0.0,0.0,0.0,0.0,0.0,0.0
,,,,,,,YM,-0.1,0.1,-0.1,-0.1,0.1,-0.1,0.1,<RE>
1FL,B,6,7,FG2,1,4995,,0.1,0.1,0.2,0.1,-0.1,0.0,0.0
,,,,,,,S,0.0,0.0,0.0,0.0,0.0,0.0,0.0
,,,,,,,YM,0.1,-0.1,-0.1,0.1,-0.1,-1.0,1.0,<RE>
1FL,D,1,2,FG1,1,3000,,-0.2,0.1,-0.1,-0.1,0.1,0.0,0.0
,,,,,,,S,0.0,0.0,0.0,0.0,0.0,0.0,0.0
,,,,,,,YM,2.2,-0.3,1.8,1.4,-1.4,-2.3,2.3,<RE>
1FL,D,2,3,FG1,1,4995,,-0.1,-0.1,-0.1,-0.1,0.1,0.0,0.0
,,,,,,,S,0.0,0.0,0.0,0.0,0.0,0.0,0.0
,,,,,,,YM,0.5,-0.2,0.2,0.2,-0.2,-0.2,0.2,<RE>
1FL,D,3,4,FG1,1,5200,,-0.2,0.1,-0.2,-0.1,0.1,0.0,0.0
,,,,,,,S,0.0,0.0,0.0,0.0,0.0,0.0,0.0
,,,,,,,YM,-0.2,0.1,-0.1,-0.1,0.1,-0.1,0.1,<RE>
1FL,D,4,5,FG1,1,5200,,-0.2,-0.1,-0.2,-0.1,0.1,0.0,0.0
,,,,,,,S,0.0,0.0,0.0,0.0,0.0,0.0,0.0
,,,,,,,YM,0.1,-0.1,0.1,0.1,-0.1,-0.1,0.1,<RE>
1FL,D,5,6,FG1,1,5200,,-0.2,0.1,-0.2,-0.1,0.1,0.0,0.0
,,,,,,,S,0.0,0.0,0.0,0.0,0.0,0.0,0.0
,,,,,,,YM,-0.1,0.1,-0.1,-0.1,0.1,-0.1,0.1,<RE>
1FL,D,6,7,FG2,1,4995,,-0.2,-0.1,-0.2,-0.1,0.1,0.0,0.0
,,,,,,,S,0.0,0.0,0.0,0.0,0.0,0.0,0.0
,,,,,,,YM,0.1,-0.1,0.1,0.1,-0.1,-1.0,1.0,<RE>
1FL,E,1,2,FB1,1,3000,,0.0,0.0,0.0,0.0,0.0,0.0,0.0
,,,,,,,S,0.0,0.0,0.0,0.0,0.0,0.0,0.0
,,,,,,,YM,-2.3,-0.1,-2.3,-1.6,1.6,-0.9,0.9,<RE>
1FL,1,B,C,FG11,1,5036,,65.3,-23.9,17.5,16.5,-16.5,0.0,0.0
,,,,,,,S,0.0,0.0,0.0,0.0,0.0,0.0,0.0
,,,,,,,YM,87.0,-30.5,26.1,22.5,-22.5,0.1,-0.1,<RE>
1FL,1,C,D,FG11,1,2836,,-17.5,40.8,64.1,16.5,-16.5,0.0,0.0
,,,,,,,S,0.0,0.0,0.0,0.0,0.0,0.0,0.0
,,,,,,,YM,-26.1,57.9,89.7,22.5,-22.5,0.1,-0.1,<RE>
1FL,1,D,E,FCG1,1,1815,,0.0,0.0,0.0,0.0,0.0,0.0,0.0
,,,,,,,S,0.0,0.0,0.0,0.0,0.0,0.0,0.0
,,,,,,,YM,-3.7,2.3,0.9,-1.6,1.6,2.3,-2.3,<RE>
1FL,2,A,B,FCG1,1,1715,,0.0,0.0,0.0,0.0,0.0,0.0,0.0
,,,,,,,S,0.0,0.0,0.0,0.0,0.0,0.0,0.0
,,,,,,,YM,0.0,0.0,0.0,0.0,0.0,0.0,0.0,<RE>
1FL,2,B,C,FG11,1,5036,,69.1,-25.0,19.3,17.6,-17.6,0.0,0.0
,,,,,,,S,0.0,0.0,0.0,0.0,0.0,0.0,0.0
,,,,,,,YM,164.4,-60.1,44.4,41.5,-41.5,0.1,-0.1,<RE>
1FL,2,C,D,FG11,1,2836,,-19.3,44.1,69.0,17.6,-17.6,0.0,0.0
,,,,,,,S,0.0,0.0,0.0,0.0,0.0,0.0,0.0
,,,,,,,YM,-44.4,103.1,161.9,41.5,-41.5,0.1,-0.1,<RE>
1FL,2,D,E,FCG1,1,1815,,0.0,0.0,0.0,0.0,0.0,0.0,0.0
,,,,,,,S,0.0,0.0,0.0,0.0,0.0,0.0,0.0
,,,,,,,YM,3.7,-2.3,-0.9,1.6,-1.6,2.3,-2.3,<RE>
1FL,3,A,B,FCG1,1,1715,,0.0,0.0,0.0,0.0,0.0,0.0,0.0
,,,,,,,S,0.0,0.0,0.0,0.0,0.0,0.0,0.0
,,,,,,,YM,0.0,0.0,0.0,0.0,0.0,0.0,0.0,<RE>
1FL,3,B,D,FG11,1,7871,,134.0,-0.1,133.8,34.1,-34.1,0.0,0.0
,,,,,,,S,0.0,0.0,0.0,0.0,0.0,0.0,0.0
,,,,,,,YM,167.7,-0.1,167.5,42.6,-42.6,-0.1,0.1,<RE>
1FL,3,D,E,FCG1,1,1815,,0.0,0.0,0.0,0.0,0.0,0.0,0.0
,,,,,,,S,0.0,0.0,0.0,0.0,0.0,0.0,0.0
,,,,,,,YM,0.0,0.0,0.0,0.0,0.0,0.0,0.0,<RE>
1FL,4,A,B,FCG1,1,1715,,0.0,0.0,0.0,0.0,0.0,0.0,0.0
,,,,,,,S,0.0,0.0,0.0,0.0,0.0,0.0,0.0
,,,,,,,YM,0.0,0.0,0.0,0.0,0.0,0.0,0.0,<RE>
1FL,4,B,D,FG11,1,7871,,134.2,-0.1,134.1,34.1,-34.1,0.0,0.0
,,,,,,,S,0.0,0.0,0.0,0.0,0.0,0.0,0.0
,,,,,,,YM,167.7,-0.1,167.6,42.6,-42.6,0.1,-0.1,<RE>
1FL,4,D,E,FCG1,1,1815,,0.0,0.0,0.0,0.0,0.0,0.0,0.0
,,,,,,,S,0.0,0.0,0.0,0.0,0.0,0.0,0.0
,,,,,,,YM,0.0,0.0,0.0,0.0,0.0,0.0,0.0,<RE>
1FL,5,A,B,FCG1,1,1715,,0.0,0.0,0.0,0.0,0.0,0.0,0.0
,,,,,,,S,0.0,0.0,0.0,0.0,0.0,0.0,0.0
,,,,,,,YM,0.0,0.0,0.0,0.0,0.0,0.0,0.0,<RE>
1FL,5,B,D,FG11,1,7871,,134.5,-0.1,134.3,34.2,-34.2,0.0,0.0
,,,,,,,S,0.0,0.0,0.0,0.0,0.0,0.0,0.0
,,,,,,,YM,167.7,-0.1,167.7,42.6,-42.6,-0.1,0.1,<RE>
1FL,5,D,E,FCG1,1,1815,,0.0,0.0,0.0,0.0,0.0,0.0,0.0
,,,,,,,S,0.0,0.0,0.0,0.0,0.0,0.0,0.0
,,,,,,,YM,0.0,0.0,0.0,0.0,0.0,0.0,0.0,<RE>
1FL,6,A,B,FCG1,1,1715,,0.0,0.0,0.0,0.0,0.0,0.0,0.0
,,,,,,,S,0.0,0.0,0.0,0.0,0.0,0.0,0.0
,,,,,,,YM,0.0,0.0,0.0,0.0,0.0,0.0,0.0,<RE>
1FL,6,B,D,FG11,1,7871,,134.7,-0.1,134.6,34.3,-34.3,0.0,0.0
,,,,,,,S,0.0,0.0,0.0,0.0,0.0,0.0,0.0
,,,,,,,YM,168.5,-0.1,168.5,42.9,-42.9,0.1,-0.1,<RE>
1FL,6,D,E,FCG1,1,1815,,0.0,0.0,0.0,0.0,0.0,0.0,0.0
,,,,,,,S,0.0,0.0,0.0,0.0,0.0,0.0,0.0
,,,,,,,YM,0.0,0.0,0.0,0.0,0.0,0.0,0.0,<RE>
1FL,7,A,B,FCG1,1,1715,,0.0,0.0,0.0,0.0,0.0,0.0,0.0
,,,,,,,S,0.0,0.0,0.0,0.0,0.0,0.0,0.0
,,,,,,,YM,0.0,0.0,0.0,0.0,0.0,0.0,0.0,<RE>
1FL,7,B,D,FG11,1,7871,,69.3,-0.1,69.2,17.6,-17.6,0.0,0.0
,,,,,,,S,0.0,0.0,0.0,0.0,0.0,0.0,0.0
,,,,,,,YM,166.7,-0.1,166.7,42.4,-42.4,-0.1,0.1,<RE>
1FL,7,D,E,FCG1,1,1815,,0.0,0.0,0.0,0.0,0.0,0.0,0.0
,,,,,,,S,0.0,0.0,0.0,0.0,0.0,0.0,0.0
,,,,,,,YM,0.0,0.0,0.0,0.0,0.0,0.0,0.0,<RE>


name=b\,case=G+P
w,X,Y,^Cv,Rz,Mx,My,X,Y
,,,,kN,kNm,kNm,rad,rad
<data>
1FL,1,B,,224.2,0.0,0.0,0.00000,-0.00060
,,,S,0.0,0.0,0.0,0.00000,0.00000,<RE>
1FL,2,B,,630.1,0.0,0.0,-0.00005,-0.00062
,,,S,0.0,0.0,0.0,0.00000,0.00000,<RE>
1FL,3,B,,835.2,0.0,0.0,0.00000,-0.00062
,,,S,0.0,0.0,0.0,0.00000,0.00000,<RE>
1FL,4,B,,840.0,0.0,0.0,0.00000,-0.00063
,,,S,0.0,0.0,0.0,0.00000,0.00000,<RE>
1FL,5,B,,835.3,0.0,0.0,0.00001,-0.00063
,,,S,0.0,0.0,0.0,0.00000,0.00000,<RE>
1FL,6,B,,844.6,0.0,0.0,-0.00003,-0.00062
,,,S,0.0,0.0,0.0,0.00000,0.00000,<RE>
1FL,7,B,,513.3,0.0,0.0,0.00017,-0.00056
,,,S,0.0,0.0,0.0,0.00000,0.00000,<RE>
1FL,1,D,,380.4,0.0,0.0,0.00000,0.00048
,,,S,0.0,0.0,0.0,0.00000,0.00000,<RE>
1FL,2,D,,701.9,0.0,0.0,-0.00004,0.00057
,,,S,0.0,0.0,0.0,0.00000,0.00000,<RE>
1FL,3,D,,841.1,0.0,0.0,0.00000,0.00060
,,,S,0.0,0.0,0.0,0.00000,0.00000,<RE>
1FL,4,D,,849.1,0.0,0.0,0.00000,0.00061
,,,S,0.0,0.0,0.0,0.00000,0.00000,<RE>
1FL,5,D,,845.7,0.0,0.0,0.00001,0.00061
,,,S,0.0,0.0,0.0,0.00000,0.00000,<RE>
1FL,6,D,,856.7,0.0,0.0,-0.00003,0.00060
,,,S,0.0,0.0,0.0,0.00000,0.00000,<RE>
1FL,7,D,,521.1,0.0,0.0,0.00017,0.00055
,,,S,0.0,0.0,0.0,0.00000,0.00000,<RE>


name=b\,case=S
w,X,Y,^Cv,Rz,Mx,My,X,Y
,,,,kN,kNm,kNm,rad,rad
<data>
1FL,1,B,,3.8,0.0,0.0,0.00000,0.00000
,,,S,0.0,0.0,0.0,0.00000,0.00000,<RE>
1FL,2,B,,11.8,0.0,0.0,0.00000,0.00000
,,,S,0.0,0.0,0.0,0.00000,0.00000,<RE>
1FL,3,B,,16.7,0.0,0.0,0.00000,0.00000
,,,S,0.0,0.0,0.0,0.00000,0.00000,<RE>
1FL,4,B,,17.0,0.0,0.0,0.00000,0.00000
,,,S,0.0,0.0,0.0,0.00000,0.00000,<RE>
1FL,5,B,,17.0,0.0,0.0,0.00000,0.00000
,,,S,0.0,0.0,0.0,0.00000,0.00000,<RE>
1FL,6,B,,16.7,0.0,0.0,0.00000,0.00000
,,,S,0.0,0.0,0.0,0.00000,0.00000,<RE>
1FL,7,B,,8.5,0.0,0.0,0.00000,0.00000
,,,S,0.0,0.0,0.0,0.00000,0.00000,<RE>
1FL,1,D,,7.7,0.0,0.0,0.00000,0.00000
,,,S,0.0,0.0,0.0,0.00000,0.00000,<RE>
1FL,2,D,,13.3,0.0,0.0,0.00000,0.00000
,,,S,0.0,0.0,0.0,0.00000,0.00000,<RE>
1FL,3,D,,17.3,0.0,0.0,0.00000,0.00000
,,,S,0.0,0.0,0.0,0.00000,0.00000,<RE>
1FL,4,D,,17.5,0.0,0.0,0.00000,0.00000
,,,S,0.0,0.0,0.0,0.00000,0.00000,<RE>
1FL,5,D,,17.5,0.0,0.0,0.00000,0.00000
,,,S,0.0,0.0,0.0,0.00000,0.00000,<RE>
1FL,6,D,,17.2,0.0,0.0,0.00000,0.00000
,,,S,0.0,0.0,0.0,0.00000,0.00000,<RE>
1FL,7,D,,8.9,0.0,0.0,0.00000,0.00000
,,,S,0.0,0.0,0.0,0.00000,0.00000,<RE>


name=b\,case=WX+
w,X,Y,^Cv,Rz,Mx,My,X,Y
,,,,kN,kNm,kNm,rad,rad
<data>
1FL,1,B,,-14.1,0.0,0.0,-0.00001,0.00000
,,,S,0.0,0.0,0.0,0.00000,0.00000,<RE>
1FL,2,B,,-24.8,0.0,0.0,0.00000,0.00000
,,,S,0.0,0.0,0.0,0.00000,0.00000,<RE>
1FL,3,B,,-18.5,0.0,0.0,-0.00002,0.00000
,,,S,0.0,0.0,0.0,0.00000,0.00000,<RE>
1FL,4,B,,-14.4,0.0,0.0,-0.00002,0.00000
,,,S,0.0,0.0,0.0,0.00000,0.00000,<RE>
1FL,5,B,,-15.3,0.0,0.0,-0.00002,0.00000
,,,S,0.0,0.0,0.0,0.00000,0.00000,<RE>
1FL,6,B,,-16.2,0.0,0.0,-0.00002,0.00000
,,,S,0.0,0.0,0.0,0.00000,0.00000,<RE>
1FL,7,B,,7.9,0.0,0.0,-0.00002,0.00000
,,,S,0.0,0.0,0.0,0.00000,0.00000,<RE>
1FL,1,D,,-45.3,0.0,0.0,-0.00001,0.00000
,,,S,0.0,0.0,0.0,0.00000,0.00000,<RE>
1FL,2,D,,-8.5,0.0,0.0,0.00000,0.00000
,,,S,0.0,0.0,0.0,0.00000,0.00000,<RE>
1FL,3,D,,-23.6,0.0,0.0,-0.00002,0.00000
,,,S,0.0,0.0,0.0,0.00000,0.00000,<RE>
1FL,4,D,,-17.1,0.0,0.0,-0.00002,0.00000
,,,S,0.0,0.0,0.0,0.00000,0.00000,<RE>
1FL,5,D,,-17.5,0.0,0.0,-0.00002,0.00000
,,,S,0.0,0.0,0.0,0.00000,0.00000,<RE>
1FL,6,D,,-17.7,0.0,0.0,-0.00002,0.00000
,,,S,0.0,0.0,0.0,0.00000,0.00000,<RE>
1FL,7,D,,6.6,0.0,0.0,-0.00002,0.00000
,,,S,0.0,0.0,0.0,0.00000,0.00000,<RE>


name=b\,case=WX-
w,X,Y,^Cv,Rz,Mx,My,X,Y
,,,,kN,kNm,kNm,rad,rad
<data>
1FL,1,B,,4.0,0.0,0.0,0.00001,0.00000
,,,S,0.0,0.0,0.0,0.00000,0.00000,<RE>
1FL,2,B,,-3.9,0.0,0.0,0.00000,0.00000
,,,S,0.0,0.0,0.0,0.00000,0.00000,<RE>
1FL,3,B,,-14.0,0.0,0.0,0.00002,0.00000
,,,S,0.0,0.0,0.0,0.00000,0.00000,<RE>
1FL,4,B,,-15.4,0.0,0.0,0.00002,0.00000
,,,S,0.0,0.0,0.0,0.00000,0.00000,<RE>
1FL,5,B,,-15.3,0.0,0.0,0.00002,0.00000
,,,S,0.0,0.0,0.0,0.00000,0.00000,<RE>
1FL,6,B,,-21.8,0.0,0.0,0.00002,0.00000
,,,S,0.0,0.0,0.0,0.00000,0.00000,<RE>
1FL,7,B,,-30.2,0.0,0.0,0.00002,0.00000
,,,S,0.0,0.0,0.0,0.00000,0.00000,<RE>
1FL,1,D,,20.8,0.0,0.0,0.00001,0.00000
,,,S,0.0,0.0,0.0,0.00000,0.00000,<RE>
1FL,2,D,,-27.4,0.0,0.0,0.00000,0.00000
,,,S,0.0,0.0,0.0,0.00000,0.00000,<RE>
1FL,3,D,,-14.4,0.0,0.0,0.00002,0.00000
,,,S,0.0,0.0,0.0,0.00000,0.00000,<RE>
1FL,4,D,,-18.1,0.0,0.0,0.00002,0.00000
,,,S,0.0,0.0,0.0,0.00000,0.00000,<RE>
1FL,5,D,,-18.4,0.0,0.0,0.00002,0.00000
,,,S,0.0,0.0,0.0,0.00000,0.00000,<RE>
1FL,6,D,,-25.6,0.0,0.0,0.00002,0.00000
,,,S,0.0,0.0,0.0,0.00000,0.00000,<RE>
1FL,7,D,,-33.0,0.0,0.0,0.00002,0.00000
,,,S,0.0,0.0,0.0,0.00000,0.00000,<RE>


name=b\,case=WY+
w,X,Y,^Cv,Rz,Mx,My,X,Y
,,,,kN,kNm,kNm,rad,rad
<data>
1FL,1,B,,-23.2,0.0,0.0,0.00000,-0.00005
,,,S,0.0,0.0,0.0,0.00000,0.00000,<RE>
1FL,2,B,,-50.4,0.0,0.0,0.00000,-0.00005
,,,S,0.0,0.0,0.0,0.00000,0.00000,<RE>
1FL,3,B,,-71.4,0.0,0.0,0.00000,-0.00009
,,,S,0.0,0.0,0.0,0.00000,0.00000,<RE>
1FL,4,B,,-71.2,0.0,0.0,0.00000,-0.00009
,,,S,0.0,0.0,0.0,0.00000,0.00000,<RE>
1FL,5,B,,-70.4,0.0,0.0,0.00000,-0.00009
,,,S,0.0,0.0,0.0,0.00000,0.00000,<RE>
1FL,6,B,,-69.0,0.0,0.0,0.00000,-0.00009
,,,S,0.0,0.0,0.0,0.00000,0.00000,<RE>
1FL,7,B,,-41.9,0.0,0.0,0.00000,-0.00005
,,,S,0.0,0.0,0.0,0.00000,0.00000,<RE>
1FL,1,D,,5.5,0.0,0.0,0.00000,-0.00005
,,,S,0.0,0.0,0.0,0.00000,0.00000,<RE>
1FL,2,D,,3.4,0.0,0.0,0.00000,-0.00004
,,,S,0.0,0.0,0.0,0.00000,0.00000,<RE>
1FL,3,D,,7.6,0.0,0.0,0.00000,-0.00008
,,,S,0.0,0.0,0.0,0.00000,0.00000,<RE>
1FL,4,D,,6.3,0.0,0.0,0.00000,-0.00008
,,,S,0.0,0.0,0.0,0.00000,0.00000,<RE>
1FL,5,D,,5.6,0.0,0.0,0.00000,-0.00008
,,,S,0.0,0.0,0.0,0.00000,0.00000,<RE>
1FL,6,D,,5.3,0.0,0.0,0.00000,-0.00008
,,,S,0.0,0.0,0.0,0.00000,0.00000,<RE>
1FL,7,D,,9.3,0.0,0.0,0.00000,-0.00005
,,,S,0.0,0.0,0.0,0.00000,0.00000,<RE>


name=b\,case=WY-
w,X,Y,^Cv,Rz,Mx,My,X,Y
,,,,kN,kNm,kNm,rad,rad
<data>
1FL,1,B,,14.5,0.0,0.0,0.00000,0.00005
,,,S,0.0,0.0,0.0,0.00000,0.00000,<RE>
1FL,2,B,,18.7,0.0,0.0,0.00000,0.00005
,,,S,0.0,0.0,0.0,0.00000,0.00000,<RE>
1FL,3,B,,26.8,0.0,0.0,0.00000,0.00009
,,,S,0.0,0.0,0.0,0.00000,0.00000,<RE>
1FL,4,B,,25.6,0.0,0.0,0.00000,0.00009
,,,S,0.0,0.0,0.0,0.00000,0.00000,<RE>
1FL,5,B,,24.9,0.0,0.0,0.00000,0.00009
,,,S,0.0,0.0,0.0,0.00000,0.00000,<RE>
1FL,6,B,,24.2,0.0,0.0,0.00000,0.00009
,,,S,0.0,0.0,0.0,0.00000,0.00000,<RE>
1FL,7,B,,19.7,0.0,0.0,0.00000,0.00005
,,,S,0.0,0.0,0.0,0.00000,0.00000,<RE>
1FL,1,D,,-22.6,0.0,0.0,0.00000,0.00005
,,,S,0.0,0.0,0.0,0.00000,0.00000,<RE>
1FL,2,D,,-43.1,0.0,0.0,0.00000,0.00005
,,,S,0.0,0.0,0.0,0.00000,0.00000,<RE>
1FL,3,D,,-58.6,0.0,0.0,0.00000,0.00009
,,,S,0.0,0.0,0.0,0.00000,0.00000,<RE>
1FL,4,D,,-58.1,0.0,0.0,0.00000,0.00009
,,,S,0.0,0.0,0.0,0.00000,0.00000,<RE>
1FL,5,D,,-57.2,0.0,0.0,0.00000,0.00009
,,,S,0.0,0.0,0.0,0.00000,0.00000,<RE>
1FL,6,D,,-56.2,0.0,0.0,0.00000,0.00009
,,,S,0.0,0.0,0.0,0.00000,0.00000,<RE>
1FL,7,D,,-35.9,0.0,0.0,0.00000,0.00005
,,,S,0.0,0.0,0.0,0.00000,0.00000,<RE>


name=b\,case=EX+
w,X,Y,^Cv,Rz,Mx,My,X,Y
,,,,kN,kNm,kNm,rad,rad
<data>
1FL,1,B,,-48.8,0.0,0.0,-0.00009,0.00000
,,,S,0.0,0.0,0.0,0.00000,0.00000
,,,YM,-58.2,0.0,0.0,-0.00009,0.00000,<RE>
1FL,2,B,,-52.3,0.0,0.0,-0.00001,0.00000
,,,S,0.0,0.0,0.0,0.00000,0.00000
,,,YM,26.6,0.0,0.0,-0.00012,0.00000,<RE>
1FL,3,B,,-2.0,0.0,0.0,-0.00016,0.00000
,,,S,0.0,0.0,0.0,0.00000,0.00000
,,,YM,-0.6,0.0,0.0,-0.00016,0.00000,<RE>
1FL,4,B,,2.9,0.0,0.0,-0.00012,0.00000
,,,S,0.0,0.0,0.0,0.00000,0.00000
,,,YM,-1.7,0.0,0.0,-0.00014,0.00000,<RE>
1FL,5,B,,-1.4,0.0,0.0,-0.00013,0.00000
,,,S,0.0,0.0,0.0,0.00000,0.00000
,,,YM,7.6,0.0,0.0,-0.00018,0.00000,<RE>
1FL,6,B,,-9.6,0.0,0.0,-0.00013,0.00000
,,,S,0.0,0.0,0.0,0.00000,0.00000
,,,YM,-28.9,0.0,0.0,-0.00007,0.00000,<RE>
1FL,7,B,,110.9,0.0,0.0,-0.00011,0.00000
,,,S,0.0,0.0,0.0,0.00000,0.00000
,,,YM,55.2,0.0,0.0,-0.00042,0.00000,<RE>
1FL,1,D,,-201.9,0.0,0.0,-0.00010,0.00000
,,,S,0.0,0.0,0.0,0.00000,0.00000
,,,YM,-60.5,0.0,0.0,-0.00007,0.00001,<RE>
1FL,2,D,,110.5,0.0,0.0,-0.00001,0.00000
,,,S,0.0,0.0,0.0,0.00000,0.00000
,,,YM,29.7,0.0,0.0,-0.00011,-0.00001,<RE>
1FL,3,D,,-17.3,0.0,0.0,-0.00016,0.00000
,,,S,0.0,0.0,0.0,0.00000,0.00000
,,,YM,-1.7,0.0,0.0,-0.00016,0.00000,<RE>
1FL,4,D,,2.9,0.0,0.0,-0.00012,0.00000
,,,S,0.0,0.0,0.0,0.00000,0.00000
,,,YM,-1.4,0.0,0.0,-0.00014,0.00000,<RE>
1FL,5,D,,0.1,0.0,0.0,-0.00013,0.00000
,,,S,0.0,0.0,0.0,0.00000,0.00000
,,,YM,7.5,0.0,0.0,-0.00018,0.00000,<RE>
1FL,6,D,,-6.1,0.0,0.0,-0.00013,0.00000
,,,S,0.0,0.0,0.0,0.00000,0.00000
,,,YM,-28.9,0.0,0.0,-0.00007,0.00000,<RE>
1FL,7,D,,111.9,0.0,0.0,-0.00011,0.00000
,,,S,0.0,0.0,0.0,0.00000,0.00000
,,,YM,55.2,0.0,0.0,-0.00042,0.00000,<RE>


name=b\,case=EX-
w,X,Y,^Cv,Rz,Mx,My,X,Y
,,,,kN,kNm,kNm,rad,rad
<data>
1FL,1,B,,48.8,0.0,0.0,0.00009,0.00000
,,,S,0.0,0.0,0.0,0.00000,0.00000
,,,YM,58.2,0.0,0.0,0.00009,0.00000,<RE>
1FL,2,B,,52.3,0.0,0.0,0.00001,0.00000
,,,S,0.0,0.0,0.0,0.00000,0.00000
,,,YM,-26.6,0.0,0.0,0.00012,0.00000,<RE>
1FL,3,B,,2.0,0.0,0.0,0.00016,0.00000
,,,S,0.0,0.0,0.0,0.00000,0.00000
,,,YM,0.6,0.0,0.0,0.00016,0.00000,<RE>
1FL,4,B,,-2.9,0.0,0.0,0.00012,0.00000
,,,S,0.0,0.0,0.0,0.00000,0.00000
,,,YM,1.7,0.0,0.0,0.00014,0.00000,<RE>
1FL,5,B,,1.4,0.0,0.0,0.00013,0.00000
,,,S,0.0,0.0,0.0,0.00000,0.00000
,,,YM,-7.6,0.0,0.0,0.00018,0.00000,<RE>
1FL,6,B,,9.6,0.0,0.0,0.00013,0.00000
,,,S,0.0,0.0,0.0,0.00000,0.00000
,,,YM,28.9,0.0,0.0,0.00007,0.00000,<RE>
1FL,7,B,,-110.9,0.0,0.0,0.00011,0.00000
,,,S,0.0,0.0,0.0,0.00000,0.00000
,,,YM,-55.2,0.0,0.0,0.00042,0.00000,<RE>
1FL,1,D,,201.9,0.0,0.0,0.00010,0.00000
,,,S,0.0,0.0,0.0,0.00000,0.00000
,,,YM,60.5,0.0,0.0,0.00007,-0.00001,<RE>
1FL,2,D,,-110.5,0.0,0.0,0.00001,0.00000
,,,S,0.0,0.0,0.0,0.00000,0.00000
,,,YM,-29.7,0.0,0.0,0.00011,0.00001,<RE>
1FL,3,D,,17.3,0.0,0.0,0.00016,0.00000
,,,S,0.0,0.0,0.0,0.00000,0.00000
,,,YM,1.7,0.0,0.0,0.00016,0.00000,<RE>
1FL,4,D,,-2.9,0.0,0.0,0.00012,0.00000
,,,S,0.0,0.0,0.0,0.00000,0.00000
,,,YM,1.4,0.0,0.0,0.00014,0.00000,<RE>
1FL,5,D,,-0.1,0.0,0.0,0.00013,0.00000
,,,S,0.0,0.0,0.0,0.00000,0.00000
,,,YM,-7.5,0.0,0.0,0.00018,0.00000,<RE>
1FL,6,D,,6.1,0.0,0.0,0.00013,0.00000
,,,S,0.0,0.0,0.0,0.00000,0.00000
,,,YM,28.9,0.0,0.0,0.00007,0.00000,<RE>
1FL,7,D,,-111.9,0.0,0.0,0.00011,0.00000
,,,S,0.0,0.0,0.0,0.00000,0.00000
,,,YM,-55.2,0.0,0.0,0.00042,0.00000,<RE>


name=b\,case=EY+
w,X,Y,^Cv,Rz,Mx,My,X,Y
,,,,kN,kNm,kNm,rad,rad
<data>
1FL,1,B,,-55.2,0.0,0.0,0.00000,-0.00016
,,,S,0.0,0.0,0.0,0.00000,0.00000
,,,YM,-22.5,0.0,0.0,0.00000,-0.00020,<RE>
1FL,2,B,,-96.7,0.0,0.0,0.00000,-0.00014
,,,S,0.0,0.0,0.0,0.00000,0.00000
,,,YM,-41.5,0.0,0.0,0.00000,-0.00034,<RE>
1FL,3,B,,-134.3,0.0,0.0,0.00000,-0.00026
,,,S,0.0,0.0,0.0,0.00000,0.00000
,,,YM,-42.6,0.0,0.0,0.00000,-0.00033,<RE>
1FL,4,B,,-132.4,0.0,0.0,0.00000,-0.00026
,,,S,0.0,0.0,0.0,0.00000,0.00000
,,,YM,-42.6,0.0,0.0,0.00000,-0.00033,<RE>
1FL,5,B,,-130.6,0.0,0.0,0.00000,-0.00026
,,,S,0.0,0.0,0.0,0.00000,0.00000
,,,YM,-42.6,0.0,0.0,0.00000,-0.00033,<RE>
1FL,6,B,,-128.7,0.0,0.0,0.00000,-0.00027
,,,S,0.0,0.0,0.0,0.00000,0.00000
,,,YM,-42.9,0.0,0.0,0.00000,-0.00033,<RE>
1FL,7,B,,-91.6,0.0,0.0,0.00000,-0.00016
,,,S,0.0,0.0,0.0,0.00000,0.00000
,,,YM,-42.4,0.0,0.0,0.00000,-0.00040,<RE>
1FL,1,D,,54.4,0.0,0.0,0.00000,-0.00015
,,,S,0.0,0.0,0.0,0.00000,0.00000
,,,YM,22.7,0.0,0.0,0.00000,-0.00022,<RE>
1FL,2,D,,97.7,0.0,0.0,0.00000,-0.00014
,,,S,0.0,0.0,0.0,0.00000,0.00000
,,,YM,41.2,0.0,0.0,0.00000,-0.00032,<RE>
1FL,3,D,,134.3,0.0,0.0,0.00000,-0.00026
,,,S,0.0,0.0,0.0,0.00000,0.00000
,,,YM,42.8,0.0,0.0,0.00000,-0.00033,<RE>
1FL,4,D,,132.4,0.0,0.0,0.00000,-0.00026
,,,S,0.0,0.0,0.0,0.00000,0.00000
,,,YM,42.6,0.0,0.0,0.00000,-0.00033,<RE>
1FL,5,D,,130.6,0.0,0.0,0.00000,-0.00026
,,,S,0.0,0.0,0.0,0.00000,0.00000
,,,YM,42.7,0.0,0.0,0.00000,-0.00033,<RE>
1FL,6,D,,128.7,0.0,0.0,0.00000,-0.00026
,,,S,0.0,0.0,0.0,0.00000,0.00000
,,,YM,42.9,0.0,0.0,0.00000,-0.00033,<RE>
1FL,7,D,,91.5,0.0,0.0,0.00000,-0.00016
,,,S,0.0,0.0,0.0,0.00000,0.00000
,,,YM,42.4,0.0,0.0,0.00000,-0.00040,<RE>


name=b\,case=EY-
w,X,Y,^Cv,Rz,Mx,My,X,Y
,,,,kN,kNm,kNm,rad,rad
<data>
1FL,1,B,,55.2,0.0,0.0,0.00000,0.00016
,,,S,0.0,0.0,0.0,0.00000,0.00000
,,,YM,22.5,0.0,0.0,0.00000,0.00020,<RE>
1FL,2,B,,96.7,0.0,0.0,0.00000,0.00014
,,,S,0.0,0.0,0.0,0.00000,0.00000
,,,YM,41.5,0.0,0.0,0.00000,0.00034,<RE>
1FL,3,B,,134.3,0.0,0.0,0.00000,0.00026
,,,S,0.0,0.0,0.0,0.00000,0.00000
,,,YM,42.6,0.0,0.0,0.00000,0.00033,<RE>
1FL,4,B,,132.4,0.0,0.0,0.00000,0.00026
,,,S,0.0,0.0,0.0,0.00000,0.00000
,,,YM,42.6,0.0,0.0,0.00000,0.00033,<RE>
1FL,5,B,,130.6,0.0,0.0,0.00000,0.00026
,,,S,0.0,0.0,0.0,0.00000,0.00000
,,,YM,42.6,0.0,0.0,0.00000,0.00033,<RE>
1FL,6,B,,128.7,0.0,0.0,0.00000,0.00027
,,,S,0.0,0.0,0.0,0.00000,0.00000
,,,YM,42.9,0.0,0.0,0.00000,0.00033,<RE>
1FL,7,B,,91.6,0.0,0.0,0.00000,0.00016
,,,S,0.0,0.0,0.0,0.00000,0.00000
,,,YM,42.4,0.0,0.0,0.00000,0.00040,<RE>
1FL,1,D,,-54.4,0.0,0.0,0.00000,0.00015
,,,S,0.0,0.0,0.0,0.00000,0.00000
,,,YM,-22.7,0.0,0.0,0.00000,0.00022,<RE>
1FL,2,D,,-97.7,0.0,0.0,0.00000,0.00014
,,,S,0.0,0.0,0.0,0.00000,0.00000
,,,YM,-41.2,0.0,0.0,0.00000,0.00032,<RE>
1FL,3,D,,-134.3,0.0,0.0,0.00000,0.00026
,,,S,0.0,0.0,0.0,0.00000,0.00000
,,,YM,-42.8,0.0,0.0,0.00000,0.00033,<RE>
1FL,4,D,,-132.4,0.0,0.0,0.00000,0.00026
,,,S,0.0,0.0,0.0,0.00000,0.00000
,,,YM,-42.6,0.0,0.0,0.00000,0.00033,<RE>
1FL,5,D,,-130.6,0.0,0.0,0.00000,0.00026
,,,S,0.0,0.0,0.0,0.00000,0.00000
,,,YM,-42.7,0.0,0.0,0.00000,0.00033,<RE>
1FL,6,D,,-128.7,0.0,0.0,0.00000,0.00026
,,,S,0.0,0.0,0.0,0.00000,0.00000
,,,YM,-42.9,0.0,0.0,0.00000,0.00033,<RE>
1FL,7,D,,-91.5,0.0,0.0,0.00000,0.00016
,,,S,0.0,0.0,0.0,0.00000,0.00000
,,,YM,-42.4,0.0,0.0,0.00000,0.00040,<RE>


name=bvp\,case=L
w,X,Y,,Y,,x_M,x_Q,SM,YM,YQ,h1,h2,M1,M2,l
,,,,,,kNm,kN,kNm,kNm,kN,mm,mm,kNm,kNm
<data>
1FL,1,B,F1,P1,x,0.0,-0.3,0.0,,,648,225,-0.1,-0.2,l
,,,,,y,0.0,-8.4,0.0,,,,,-3.6,-5.5,,<RE>
1FL,2,B,F2,P1,x,0.0,-3.0,0.0,,,648,400,-0.8,-1.9,l
,,,,,y,0.0,-8.3,0.0,,,,,-2.1,-5.4,,<RE>
1FL,3,B,F2,P1,x,0.0,-0.2,0.0,,,648,400,-0.1,-0.1,l
,,,,,y,0.0,-13.3,0.0,,,,,-3.3,-8.6,,<RE>
1FL,4,B,F2,P1,x,0.0,-0.3,0.0,,,648,400,-0.1,-0.2,l
,,,,,y,0.0,-13.7,0.0,,,,,-3.4,-8.9,,<RE>
1FL,5,B,F2,P1,x,0.0,-0.2,0.0,,,648,400,-0.1,-0.1,l
,,,,,y,0.0,-13.8,0.0,,,,,-3.5,-9.0,,<RE>
1FL,6,B,F2,P1,x,0.0,-0.7,0.0,,,648,400,-0.2,-0.5,l
,,,,,y,0.0,-13.8,0.0,,,,,-3.4,-8.9,,<RE>
1FL,7,B,F2,P1,x,0.0,3.3,0.0,,,648,400,0.9,2.2,l
,,,,,y,0.0,-7.7,0.0,,,,,-1.9,-5.0,,<RE>
1FL,1,D,F1,P1,x,0.0,-0.3,0.0,,,648,225,-0.1,-0.2,l
,,,,,y,0.0,6.8,0.0,,,,,2.9,4.4,,<RE>
1FL,2,D,F2,P1,x,0.0,-1.9,0.0,,,648,400,-0.5,-1.2,l
,,,,,y,0.0,8.9,0.0,,,,,2.2,5.7,,<RE>
1FL,3,D,F2,P1,x,0.0,0.1,0.0,,,648,400,0.1,0.1,l
,,,,,y,0.0,14.1,0.0,,,,,3.5,9.1,,<RE>
1FL,4,D,F2,P1,x,0.0,-0.1,0.0,,,648,400,-0.1,-0.1,l
,,,,,y,0.0,14.1,0.0,,,,,3.5,9.1,,<RE>
1FL,5,D,F2,P1,x,0.0,0.1,0.0,,,648,400,0.1,0.1,l
,,,,,y,0.0,14.0,0.0,,,,,3.5,9.0,,<RE>
1FL,6,D,F2,P1,x,0.0,-0.4,0.0,,,648,400,-0.1,-0.3,l
,,,,,y,0.0,13.6,0.0,,,,,3.4,8.8,,<RE>
1FL,7,D,F2,P1,x,0.0,3.5,0.0,,,648,400,0.9,2.3,l
,,,,,y,0.0,7.6,0.0,,,,,1.9,4.9,,<RE>


name=bvp\,case=L+S
w,X,Y,,Y,,x_M,x_Q,SM,YM,YQ,h1,h2,M1,M2,l
,,,,,,kNm,kN,kNm,kNm,kN,mm,mm,kNm,kNm
<data>
1FL,1,B,F1,P1,x,0.0,-0.3,0.0,,,648,225,-0.1,-0.2,l
,,,,,y,0.0,-8.6,0.0,,,,,-3.7,-5.6,,<RE>
1FL,2,B,F2,P1,x,0.0,-3.0,0.0,,,648,400,-0.8,-2.0,l
,,,,,y,0.0,-8.3,0.0,,,,,-2.1,-5.4,,<RE>
1FL,3,B,F2,P1,x,0.0,-0.2,0.0,,,648,400,-0.1,-0.1,l
,,,,,y,0.0,-13.4,0.0,,,,,-3.4,-8.7,,<RE>
1FL,4,B,F2,P1,x,0.0,-0.3,0.0,,,648,400,-0.1,-0.2,l
,,,,,y,0.0,-13.8,0.0,,,,,-3.4,-8.9,,<RE>
1FL,5,B,F2,P1,x,0.0,-0.2,0.0,,,648,400,-0.1,-0.1,l
,,,,,y,0.0,-13.9,0.0,,,,,-3.5,-9.0,,<RE>
1FL,6,B,F2,P1,x,0.0,-0.7,0.0,,,648,400,-0.2,-0.5,l
,,,,,y,0.0,-13.9,0.0,,,,,-3.5,-9.0,,<RE>
1FL,7,B,F2,P1,x,0.0,3.3,0.0,,,648,400,0.9,2.2,l
,,,,,y,0.0,-7.7,0.0,,,,,-1.9,-5.0,,<RE>
1FL,1,D,F1,P1,x,0.0,-0.2,0.0,,,648,225,-0.1,-0.1,l
,,,,,y,0.0,7.0,0.0,,,,,3.0,4.5,,<RE>
1FL,2,D,F2,P1,x,0.0,-1.9,0.0,,,648,400,-0.5,-1.3,l
,,,,,y,0.0,8.9,0.0,,,,,2.2,5.8,,<RE>
1FL,3,D,F2,P1,x,0.0,0.1,0.0,,,648,400,0.1,0.1,l
,,,,,y,0.0,14.2,0.0,,,,,3.5,9.2,,<RE>
1FL,4,D,F2,P1,x,0.0,-0.1,0.0,,,648,400,-0.1,-0.1,l
,,,,,y,0.0,14.2,0.0,,,,,3.6,9.2,,<RE>
1FL,5,D,F2,P1,x,0.0,0.1,0.0,,,648,400,0.1,0.1,l
,,,,,y,0.0,14.1,0.0,,,,,3.5,9.1,,<RE>
1FL,6,D,F2,P1,x,0.0,-0.4,0.0,,,648,400,-0.1,-0.3,l
,,,,,y,0.0,13.7,0.0,,,,,3.4,8.9,,<RE>
1FL,7,D,F2,P1,x,0.0,3.5,0.0,,,648,400,0.9,2.3,l
,,,,,y,0.0,7.6,0.0,,,,,1.9,4.9,,<RE>


name=bvp\,case=L+Wx
w,X,Y,,Y,,x_M,x_Q,SM,YM,YQ,h1,h2,M1,M2,l
,,,,,,kNm,kN,kNm,kNm,kN,mm,mm,kNm,kNm
<data>
1FL,1,B,F1,P1,x,0.0,6.6,0.0,,,648,225,2.8,4.3,l
,,,,,y,0.0,-10.0,0.0,,,,,-4.2,-6.5,,<RE>
1FL,2,B,F2,P1,x,0.0,5.4,0.0,,,648,400,1.4,3.5,l
,,,,,y,0.0,-12.7,0.0,,,,,-3.2,-8.3,,<RE>
1FL,3,B,F2,P1,x,0.0,14.7,0.0,,,648,400,3.7,9.6,l
,,,,,y,0.0,-18.0,0.0,,,,,-4.5,-11.7,,<RE>
1FL,4,B,F2,P1,x,0.0,14.6,0.0,,,648,400,3.6,9.5,l
,,,,,y,0.0,-17.6,0.0,,,,,-4.4,-11.4,,<RE>
1FL,5,B,F2,P1,x,0.0,14.7,0.0,,,648,400,3.7,9.5,l
,,,,,y,0.0,-17.7,0.0,,,,,-4.4,-11.5,,<RE>
1FL,6,B,F2,P1,x,0.0,14.3,0.0,,,648,400,3.6,9.3,l
,,,,,y,0.0,-17.6,0.0,,,,,-4.4,-11.4,,<RE>
1FL,7,B,F2,P1,x,0.0,14.3,0.0,,,648,400,3.6,9.3,l
,,,,,y,0.0,-9.6,0.0,,,,,-2.4,-6.2,,<RE>
1FL,1,D,F1,P1,x,0.0,8.9,0.0,,,648,225,3.8,5.8,l
,,,,,y,0.0,5.7,0.0,,,,,2.4,3.7,,<RE>
1FL,2,D,F2,P1,x,0.0,7.2,0.0,,,648,400,1.8,4.6,l
,,,,,y,0.0,11.0,0.0,,,,,2.7,7.1,,<RE>
1FL,3,D,F2,P1,x,0.0,14.6,0.0,,,648,400,3.7,9.5,l
,,,,,y,0.0,17.8,0.0,,,,,4.4,11.6,,<RE>
1FL,4,D,F2,P1,x,0.0,14.8,0.0,,,648,400,3.7,9.6,l
,,,,,y,0.0,17.3,0.0,,,,,4.3,11.2,,<RE>
1FL,5,D,F2,P1,x,0.0,14.9,0.0,,,648,400,3.7,9.7,l
,,,,,y,0.0,17.2,0.0,,,,,4.3,11.1,,<RE>
1FL,6,D,F2,P1,x,0.0,14.5,0.0,,,648,400,3.6,9.4,l
,,,,,y,0.0,16.9,0.0,,,,,4.2,11.0,,<RE>
1FL,7,D,F2,P1,x,0.0,14.5,0.0,,,648,400,3.6,9.4,l
,,,,,y,0.0,9.2,0.0,,,,,2.3,6.0,,<RE>


name=bvp\,case=L-Wx
w,X,Y,,Y,,x_M,x_Q,SM,YM,YQ,h1,h2,M1,M2,l
,,,,,,kNm,kN,kNm,kNm,kN,mm,mm,kNm,kNm
<data>
1FL,1,B,F1,P1,x,0.0,-6.1,0.0,,,648,225,-2.6,-3.9,l
,,,,,y,0.0,-9.5,0.0,,,,,-4.0,-6.2,,<RE>
1FL,2,B,F2,P1,x,0.0,-11.2,0.0,,,648,400,-2.8,-7.3,l
,,,,,y,0.0,-11.1,0.0,,,,,-2.8,-7.2,,<RE>
1FL,3,B,F2,P1,x,0.0,-15.0,0.0,,,648,400,-3.7,-9.7,l
,,,,,y,0.0,-17.2,0.0,,,,,-4.3,-11.1,,<RE>
1FL,4,B,F2,P1,x,0.0,-15.2,0.0,,,648,400,-3.8,-9.8,l
,,,,,y,0.0,-17.6,0.0,,,,,-4.4,-11.4,,<RE>
1FL,5,B,F2,P1,x,0.0,-15.0,0.0,,,648,400,-3.7,-9.7,l
,,,,,y,0.0,-18.0,0.0,,,,,-4.5,-11.6,,<RE>
1FL,6,B,F2,P1,x,0.0,-15.5,0.0,,,648,400,-3.9,-10.0,l
,,,,,y,0.0,-19.3,0.0,,,,,-4.8,-12.5,,<RE>
1FL,7,B,F2,P1,x,0.0,-9.3,0.0,,,648,400,-2.3,-6.1,l
,,,,,y,0.0,-11.1,0.0,,,,,-2.8,-7.2,,<RE>
1FL,1,D,F1,P1,x,0.0,-8.7,0.0,,,648,225,-3.7,-5.7,l
,,,,,y,0.0,6.6,0.0,,,,,2.8,4.3,,<RE>
1FL,2,D,F2,P1,x,0.0,-11.1,0.0,,,648,400,-2.8,-7.2,l
,,,,,y,0.0,10.5,0.0,,,,,2.6,6.8,,<RE>
1FL,3,D,F2,P1,x,0.0,-14.6,0.0,,,648,400,-3.6,-9.5,l
,,,,,y,0.0,17.3,0.0,,,,,4.3,11.2,,<RE>
1FL,4,D,F2,P1,x,0.0,-14.9,0.0,,,648,400,-3.7,-9.6,l
,,,,,y,0.0,17.3,0.0,,,,,4.3,11.2,,<RE>
1FL,5,D,F2,P1,x,0.0,-14.7,0.0,,,648,400,-3.7,-9.5,l
,,,,,y,0.0,17.2,0.0,,,,,4.3,11.1,,<RE>
1FL,6,D,F2,P1,x,0.0,-15.2,0.0,,,648,400,-3.8,-9.9,l
,,,,,y,0.0,18.1,0.0,,,,,4.5,11.7,,<RE>
1FL,7,D,F2,P1,x,0.0,-9.2,0.0,,,648,400,-2.3,-6.0,l
,,,,,y,0.0,10.3,0.0,,,,,2.6,6.7,,<RE>


name=bvp\,case=L+Wy
w,X,Y,,Y,,x_M,x_Q,SM,YM,YQ,h1,h2,M1,M2,l
,,,,,,kNm,kN,kNm,kNm,kN,mm,mm,kNm,kNm
<data>
1FL,1,B,F1,P1,x,0.0,-3.4,0.0,,,648,225,-1.5,-2.2,l
,,,,,y,0.0,6.2,0.0,,,,,2.6,4.0,,<RE>
1FL,2,B,F2,P1,x,0.0,-2.9,0.0,,,648,400,-0.8,-1.9,l
,,,,,y,0.0,10.5,0.0,,,,,2.6,6.8,,<RE>
1FL,3,B,F2,P1,x,0.0,-0.3,0.0,,,648,400,-0.1,-0.2,l
,,,,,y,0.0,17.5,0.0,,,,,4.4,11.4,,<RE>
1FL,4,B,F2,P1,x,0.0,-0.4,0.0,,,648,400,-0.1,-0.3,l
,,,,,y,0.0,17.1,0.0,,,,,4.3,11.1,,<RE>
1FL,5,B,F2,P1,x,0.0,-0.3,0.0,,,648,400,-0.1,-0.2,l
,,,,,y,0.0,16.8,0.0,,,,,4.2,10.9,,<RE>
1FL,6,B,F2,P1,x,0.0,-0.7,0.0,,,648,400,-0.2,-0.5,l
,,,,,y,0.0,16.8,0.0,,,,,4.2,10.9,,<RE>
1FL,7,B,F2,P1,x,0.0,8.2,0.0,,,648,400,2.1,5.3,l
,,,,,y,0.0,9.1,0.0,,,,,2.3,5.9,,<RE>
1FL,1,D,F1,P1,x,0.0,-2.7,0.0,,,648,225,-1.2,-1.8,l
,,,,,y,0.0,19.3,0.0,,,,,8.2,12.5,,<RE>
1FL,2,D,F2,P1,x,0.0,-1.0,0.0,,,648,400,-0.3,-0.7,l
,,,,,y,0.0,24.8,0.0,,,,,6.2,16.1,,<RE>
1FL,3,D,F2,P1,x,0.0,0.1,0.0,,,648,400,0.1,0.1,l
,,,,,y,0.0,42.5,0.0,,,,,10.5,27.5,,<RE>
1FL,4,D,F2,P1,x,0.0,0.1,0.0,,,648,400,0.1,0.1,l
,,,,,y,0.0,42.4,0.0,,,,,10.5,27.5,,<RE>
1FL,5,D,F2,P1,x,0.0,0.2,0.0,,,648,400,0.1,0.2,l
,,,,,y,0.0,42.2,0.0,,,,,10.5,27.3,,<RE>
1FL,6,D,F2,P1,x,0.0,-0.3,0.0,,,648,400,-0.1,-0.2,l
,,,,,y,0.0,41.7,0.0,,,,,10.3,27.0,,<RE>
1FL,7,D,F2,P1,x,0.0,8.5,0.0,,,648,400,2.1,5.5,l
,,,,,y,0.0,23.2,0.0,,,,,5.8,15.0,,<RE>


name=bvp\,case=L-Wy
w,X,Y,,Y,,x_M,x_Q,SM,YM,YQ,h1,h2,M1,M2,l
,,,,,,kNm,kN,kNm,kNm,kN,mm,mm,kNm,kNm
<data>
1FL,1,B,F1,P1,x,0.0,-3.5,0.0,,,648,225,-1.5,-2.3,l
,,,,,y,0.0,-22.8,0.0,,,,,-9.6,-14.8,,<RE>
1FL,2,B,F2,P1,x,0.0,-2.9,0.0,,,648,400,-0.8,-1.9,l
,,,,,y,0.0,-25.8,0.0,,,,,-6.4,-16.7,,<RE>
1FL,3,B,F2,P1,x,0.0,-0.1,0.0,,,648,400,-0.1,-0.1,l
,,,,,y,0.0,-42.8,0.0,,,,,-10.6,-27.7,,<RE>
1FL,4,B,F2,P1,x,0.0,-0.3,0.0,,,648,400,-0.1,-0.2,l
,,,,,y,0.0,-43.1,0.0,,,,,-10.7,-27.9,,<RE>
1FL,5,B,F2,P1,x,0.0,-0.1,0.0,,,648,400,-0.1,-0.1,l
,,,,,y,0.0,-43.2,0.0,,,,,-10.7,-28.0,,<RE>
1FL,6,B,F2,P1,x,0.0,-0.6,0.0,,,648,400,-0.2,-0.4,l
,,,,,y,0.0,-43.1,0.0,,,,,-10.7,-27.9,,<RE>
1FL,7,B,F2,P1,x,0.0,8.3,0.0,,,648,400,2.1,5.4,l
,,,,,y,0.0,-24.0,0.0,,,,,-6.0,-15.5,,<RE>
1FL,1,D,F1,P1,x,0.0,-3.2,0.0,,,648,225,-1.4,-2.1,l
,,,,,y,0.0,-6.3,0.0,,,,,-2.7,-4.1,,<RE>
1FL,2,D,F2,P1,x,0.0,-0.7,0.0,,,648,400,-0.2,-0.5,l
,,,,,y,0.0,-8.8,0.0,,,,,-2.2,-5.7,,<RE>
1FL,3,D,F2,P1,x,0.0,-0.1,0.0,,,648,400,-0.1,-0.1,l
,,,,,y,0.0,-17.6,0.0,,,,,-4.4,-11.4,,<RE>
1FL,4,D,F2,P1,x,0.0,-0.1,0.0,,,648,400,-0.1,-0.1,l
,,,,,y,0.0,-17.5,0.0,,,,,-4.4,-11.3,,<RE>
1FL,5,D,F2,P1,x,0.0,0.1,0.0,,,648,400,0.1,0.1,l
,,,,,y,0.0,-17.6,0.0,,,,,-4.4,-11.4,,<RE>
1FL,6,D,F2,P1,x,0.0,-0.4,0.0,,,648,400,-0.1,-0.3,l
,,,,,y,0.0,-17.8,0.0,,,,,-4.4,-11.6,,<RE>
1FL,7,D,F2,P1,x,0.0,8.5,0.0,,,648,400,2.1,5.5,l
,,,,,y,0.0,-9.8,0.0,,,,,-2.5,-6.4,,<RE>


name=bvp\,case=L+Ex
w,X,Y,,Y,,x_M,x_Q,SM,YM,YQ,h1,h2,M1,M2,l
,,,,,,kNm,kN,kNm,kNm,kN,mm,mm,kNm,kNm
<data>
1FL,1,B,F1,P1,x,0.0,21.0,0.0,0.0,,648,225,8.9,13.6,l
,,,,,y,0.0,-8.5,0.0,0.0,,,,-3.6,-5.5,,<RE>
1FL,2,B,F2,P1,x,0.0,35.3,0.0,0.0,,648,400,8.8,22.9,l
,,,,,y,0.0,-8.6,0.0,0.0,,,,-2.2,-5.6,,<RE>
1FL,3,B,F2,P1,x,0.0,75.7,0.0,0.0,,648,400,18.7,49.0,l
,,,,,y,0.0,-13.5,0.0,0.0,,,,-3.4,-8.7,,<RE>
1FL,4,B,F2,P1,x,0.0,75.6,0.0,0.0,,648,400,18.7,48.9,l
,,,,,y,0.0,-13.7,0.0,0.0,,,,-3.4,-8.9,,<RE>
1FL,5,B,F2,P1,x,0.0,75.6,0.0,0.0,,648,400,18.7,49.0,l
,,,,,y,0.0,-13.7,0.0,0.0,,,,-3.4,-8.9,,<RE>
1FL,6,B,F2,P1,x,0.0,75.5,0.0,0.0,,648,400,18.7,48.9,l
,,,,,y,0.0,-13.6,0.0,0.0,,,,-3.4,-8.8,,<RE>
1FL,7,B,F2,P1,x,0.0,40.8,0.0,0.0,,648,400,10.1,26.4,l
,,,,,y,0.0,-7.4,0.0,0.0,,,,-1.9,-4.8,,<RE>
1FL,1,D,F1,P1,x,0.0,39.6,0.0,0.0,,648,225,16.7,25.6,l
,,,,,y,0.0,6.7,0.0,0.0,,,,2.9,4.4,,<RE>
1FL,2,D,F2,P1,x,0.0,47.2,0.0,0.0,,648,400,11.7,30.6,l
,,,,,y,0.0,8.5,0.0,0.0,,,,2.1,5.5,,<RE>
1FL,3,D,F2,P1,x,0.0,74.3,0.0,0.0,,648,400,18.4,48.1,l
,,,,,y,0.0,13.9,0.0,0.0,,,,3.5,9.0,,<RE>
1FL,4,D,F2,P1,x,0.0,75.6,0.0,0.0,,648,400,18.7,49.0,l
,,,,,y,0.0,14.1,0.0,0.0,,,,3.5,9.1,,<RE>
1FL,5,D,F2,P1,x,0.0,75.6,0.0,0.0,,648,400,18.7,48.9,l
,,,,,y,0.0,14.0,0.0,0.0,,,,3.5,9.1,,<RE>
1FL,6,D,F2,P1,x,0.0,75.5,0.0,0.0,,648,400,18.7,48.9,l
,,,,,y,0.0,13.8,0.0,0.0,,,,3.5,9.0,,<RE>
1FL,7,D,F2,P1,x,0.0,40.8,0.0,0.0,,648,400,10.1,26.4,l
,,,,,y,0.0,7.8,0.0,0.0,,,,2.0,5.1,,<RE>


name=bvp\,case=L-Ex
w,X,Y,,Y,,x_M,x_Q,SM,YM,YQ,h1,h2,M1,M2,l
,,,,,,kNm,kN,kNm,kNm,kN,mm,mm,kNm,kNm
<data>
1FL,1,B,F1,P1,x,0.0,-21.5,0.0,0.0,,648,225,-9.1,-13.9,l
,,,,,y,0.0,-8.4,0.0,0.0,,,,-3.6,-5.4,,<RE>
1FL,2,B,F2,P1,x,0.0,-41.2,0.0,0.0,,648,400,-10.2,-26.7,l
,,,,,y,0.0,-7.9,0.0,0.0,,,,-2.0,-5.1,,<RE>
1FL,3,B,F2,P1,x,0.0,-75.9,0.0,0.0,,648,400,-18.8,-49.2,l
,,,,,y,0.0,-13.2,0.0,0.0,,,,-3.3,-8.5,,<RE>
1FL,4,B,F2,P1,x,0.0,-76.2,0.0,0.0,,648,400,-18.9,-49.3,l
,,,,,y,0.0,-13.6,0.0,0.0,,,,-3.4,-8.8,,<RE>
1FL,5,B,F2,P1,x,0.0,-75.9,0.0,0.0,,648,400,-18.8,-49.2,l
,,,,,y,0.0,-13.9,0.0,0.0,,,,-3.5,-9.0,,<RE>
1FL,6,B,F2,P1,x,0.0,-76.8,0.0,0.0,,648,400,-19.0,-49.7,l
,,,,,y,0.0,-14.0,0.0,0.0,,,,-3.5,-9.1,,<RE>
1FL,7,B,F2,P1,x,0.0,-34.3,0.0,0.0,,648,400,-8.5,-22.2,l
,,,,,y,0.0,-7.9,0.0,0.0,,,,-2.0,-5.2,,<RE>
1FL,1,D,F1,P1,x,0.0,-40.0,0.0,0.0,,648,225,-16.9,-25.9,l
,,,,,y,0.0,6.8,0.0,0.0,,,,2.9,4.4,,<RE>
1FL,2,D,F2,P1,x,0.0,-50.9,0.0,0.0,,648,400,-12.6,-33.0,l
,,,,,y,0.0,9.2,0.0,0.0,,,,2.3,6.0,,<RE>
1FL,3,D,F2,P1,x,0.0,-74.2,0.0,0.0,,648,400,-18.4,-48.1,l
,,,,,y,0.0,14.2,0.0,0.0,,,,3.6,9.2,,<RE>
1FL,4,D,F2,P1,x,0.0,-75.7,0.0,0.0,,648,400,-18.7,-49.0,l
,,,,,y,0.0,14.1,0.0,0.0,,,,3.5,9.2,,<RE>
1FL,5,D,F2,P1,x,0.0,-75.4,0.0,0.0,,648,400,-18.7,-48.8,l
,,,,,y,0.0,13.9,0.0,0.0,,,,3.5,9.0,,<RE>
1FL,6,D,F2,P1,x,0.0,-76.2,0.0,0.0,,648,400,-18.9,-49.4,l
,,,,,y,0.0,13.4,0.0,0.0,,,,3.3,8.7,,<RE>
1FL,7,D,F2,P1,x,0.0,-33.9,0.0,0.0,,648,400,-8.4,-22.0,l
,,,,,y,0.0,7.3,0.0,0.0,,,,1.8,4.7,,<RE>


name=bvp\,case=L+Ey
w,X,Y,,Y,,x_M,x_Q,SM,YM,YQ,h1,h2,M1,M2,l
,,,,,,kNm,kN,kNm,kNm,kN,mm,mm,kNm,kNm
<data>
1FL,1,B,F1,P1,x,0.0,0.1,0.0,0.0,,648,225,0.1,0.1,l
,,,,,y,0.0,29.2,0.0,0.0,,,,12.4,18.9,,<RE>
1FL,2,B,F2,P1,x,0.0,-2.8,0.0,0.0,,648,400,-0.7,-1.8,l
,,,,,y,0.0,33.5,0.0,0.0,,,,8.3,21.7,,<RE>
1FL,3,B,F2,P1,x,0.0,0.2,0.0,0.0,,648,400,0.1,0.2,l
,,,,,y,0.0,59.6,0.0,0.0,,,,14.8,38.6,,<RE>
1FL,4,B,F2,P1,x,0.0,0.1,0.0,0.0,,648,400,0.1,0.1,l
,,,,,y,0.0,59.6,0.0,0.0,,,,14.8,38.6,,<RE>
1FL,5,B,F2,P1,x,0.0,0.2,0.0,0.0,,648,400,0.1,0.1,l
,,,,,y,0.0,59.8,0.0,0.0,,,,14.8,38.7,,<RE>
1FL,6,B,F2,P1,x,0.0,-0.4,0.0,0.0,,648,400,-0.1,-0.3,l
,,,,,y,0.0,60.3,0.0,0.0,,,,14.9,39.0,,<RE>
1FL,7,B,F2,P1,x,0.0,3.5,0.0,0.0,,648,400,0.9,2.3,l
,,,,,y,0.0,34.7,0.0,0.0,,,,8.6,22.5,,<RE>
1FL,1,D,F1,P1,x,0.0,-0.5,0.0,0.0,,648,225,-0.2,-0.3,l
,,,,,y,0.0,42.8,0.0,0.0,,,,18.1,27.7,,<RE>
1FL,2,D,F2,P1,x,0.0,-2.0,0.0,0.0,,648,400,-0.5,-1.3,l
,,,,,y,0.0,50.3,0.0,0.0,,,,12.5,32.6,,<RE>
1FL,3,D,F2,P1,x,0.0,-0.4,0.0,0.0,,648,400,-0.1,-0.2,l
,,,,,y,0.0,86.7,0.0,0.0,,,,21.5,56.1,,<RE>
1FL,4,D,F2,P1,x,0.0,-0.4,0.0,0.0,,648,400,-0.1,-0.3,l
,,,,,y,0.0,87.1,0.0,0.0,,,,21.6,56.4,,<RE>
1FL,5,D,F2,P1,x,0.0,-0.3,0.0,0.0,,648,400,-0.1,-0.2,l
,,,,,y,0.0,87.3,0.0,0.0,,,,21.6,56.5,,<RE>
1FL,6,D,F2,P1,x,0.0,-0.7,0.0,0.0,,648,400,-0.2,-0.5,l
,,,,,y,0.0,87.4,0.0,0.0,,,,21.6,56.6,,<RE>
1FL,7,D,F2,P1,x,0.0,3.3,0.0,0.0,,648,400,0.9,2.2,l
,,,,,y,0.0,49.7,0.0,0.0,,,,12.3,32.2,,<RE>


name=bvp\,case=L-Ey
w,X,Y,,Y,,x_M,x_Q,SM,YM,YQ,h1,h2,M1,M2,l
,,,,,,kNm,kN,kNm,kNm,kN,mm,mm,kNm,kNm
<data>
1FL,1,B,F1,P1,x,0.0,-0.6,0.0,0.0,,648,225,-0.3,-0.4,l
,,,,,y,0.0,-46.0,0.0,0.0,,,,-19.4,-29.8,,<RE>
1FL,2,B,F2,P1,x,0.0,-3.2,0.0,0.0,,648,400,-0.8,-2.1,l
,,,,,y,0.0,-49.9,0.0,0.0,,,,-12.4,-32.3,,<RE>
1FL,3,B,F2,P1,x,0.0,-0.5,0.0,0.0,,648,400,-0.2,-0.3,l
,,,,,y,0.0,-86.1,0.0,0.0,,,,-21.3,-55.7,,<RE>
1FL,4,B,F2,P1,x,0.0,-0.6,0.0,0.0,,648,400,-0.2,-0.4,l
,,,,,y,0.0,-86.8,0.0,0.0,,,,-21.5,-56.2,,<RE>
1FL,5,B,F2,P1,x,0.0,-0.5,0.0,0.0,,648,400,-0.2,-0.3,l
,,,,,y,0.0,-87.4,0.0,0.0,,,,-21.6,-56.6,,<RE>
1FL,6,B,F2,P1,x,0.0,-1.0,0.0,0.0,,648,400,-0.3,-0.6,l
,,,,,y,0.0,-87.7,0.0,0.0,,,,-21.7,-56.8,,<RE>
1FL,7,B,F2,P1,x,0.0,3.1,0.0,0.0,,648,400,0.8,2.0,l
,,,,,y,0.0,-50.0,0.0,0.0,,,,-12.4,-32.4,,<RE>
1FL,1,D,F1,P1,x,0.0,0.1,0.0,0.0,,648,225,0.1,0.1,l
,,,,,y,0.0,-29.3,0.0,0.0,,,,-12.4,-19.0,,<RE>
1FL,2,D,F2,P1,x,0.0,-1.7,0.0,0.0,,648,400,-0.5,-1.1,l
,,,,,y,0.0,-32.7,0.0,0.0,,,,-8.1,-21.2,,<RE>
1FL,3,D,F2,P1,x,0.0,0.4,0.0,0.0,,648,400,0.1,0.3,l
,,,,,y,0.0,-58.6,0.0,0.0,,,,-14.5,-38.0,,<RE>
1FL,4,D,F2,P1,x,0.0,0.3,0.0,0.0,,648,400,0.1,0.2,l
,,,,,y,0.0,-59.0,0.0,0.0,,,,-14.6,-38.2,,<RE>
1FL,5,D,F2,P1,x,0.0,0.5,0.0,0.0,,648,400,0.2,0.3,l
,,,,,y,0.0,-59.5,0.0,0.0,,,,-14.8,-38.5,,<RE>
1FL,6,D,F2,P1,x,0.0,-0.1,0.0,0.0,,648,400,-0.1,-0.1,l
,,,,,y,0.0,-60.3,0.0,0.0,,,,-14.9,-39.0,,<RE>
1FL,7,D,F2,P1,x,0.0,3.7,0.0,0.0,,648,400,0.9,2.4,l
,,,,,y,0.0,-34.7,0.0,0.0,,,,-8.6,-22.5,,<RE>


name=bvp\
w,X,Y,,N [kN],,,,,,,,
,,,,L,L+S,L+Wx,L-Wx,L+Wy,L-Wy,L+Ex,L-Ex,L+Ey,L-Ey
<data>
1FL,1,B,F1,206.4,210.1,192.3,210.3,183.2,220.8,99.4,313.3,128.7,284.0,<RE>
1FL,2,B,F2,570.7,582.5,546.0,566.9,520.4,589.4,545.1,596.4,432.6,708.8,<RE>
1FL,3,B,F2,775.9,792.5,757.4,761.9,704.5,802.6,773.4,778.3,599.0,952.7,<RE>
1FL,4,B,F2,780.6,797.5,766.3,765.2,709.5,806.2,781.9,779.4,605.7,955.6,<RE>
1FL,5,B,F2,775.9,792.8,760.7,760.7,705.6,800.7,782.1,769.7,602.8,949.0,<RE>
1FL,6,B,F2,785.3,801.9,769.2,763.5,716.3,809.5,746.9,823.7,613.8,956.7,<RE>
1FL,7,B,F2,453.9,462.4,461.7,423.7,412.1,473.6,619.9,287.9,320.0,587.8,<RE>
1FL,1,D,F1,362.6,370.3,317.4,383.4,368.1,340.1,100.4,624.9,439.6,285.7,<RE>
1FL,2,D,F2,642.5,655.8,634.1,615.1,645.9,599.5,782.7,502.3,781.3,503.7,<RE>
1FL,3,D,F2,781.8,799.0,758.2,767.4,789.4,723.2,762.9,800.7,958.7,604.8,<RE>
1FL,4,D,F2,789.7,807.2,772.6,771.7,796.0,731.7,791.2,788.2,964.6,614.8,<RE>
1FL,5,D,F2,786.3,803.8,768.9,768.0,791.8,729.1,793.8,778.8,959.5,613.1,<RE>
1FL,6,D,F2,797.3,814.5,779.7,771.8,802.6,741.2,762.4,832.3,968.8,625.9,<RE>
1FL,7,D,F2,461.7,470.5,468.3,428.7,471.0,425.9,628.7,294.8,595.6,327.9,<RE>


name=Yb
,x,,,f,,p`O
,x,x,y,x,y
<data>
F1,0.85,0.00,0.00,0.00,0.00,0.00,<RE>
F2,0.96,0.00,0.49,0.00,0.92,0.00,<RE>


name=xp\
w,X,Y,,Y,N [kN],,,,,,,,
,,,,,L,L+S,L+Wx,L-Wx,L+Wy,L-Wy,L+Ex,L-Ex,L+Ey,L-Ey
<data>
1FL,1,B,F1,P1,224.2,227.9,210.1,228.1,201.0,238.6,117.2,331.1,146.5,301.8,<RE>
1FL,2,B,F2,P1,630.1,641.9,605.3,626.3,579.7,648.7,604.4,655.7,492.0,768.2,<RE>
1FL,3,B,F2,P1,835.2,851.8,816.8,821.2,763.9,862.0,832.7,837.7,658.3,1012.1,<RE>
1FL,4,B,F2,P1,840.0,856.9,825.6,824.6,768.8,865.6,841.2,838.7,665.0,1014.9,<RE>
1FL,5,B,F2,P1,835.3,852.2,820.0,820.0,764.9,860.1,841.4,829.1,662.1,1008.4,<RE>
1FL,6,B,F2,P1,844.6,861.3,828.5,822.9,775.6,868.8,806.3,883.0,673.2,1016.1,<RE>
1FL,7,B,F2,P1,513.3,521.7,521.1,483.1,471.4,533.0,679.3,347.2,379.3,647.2,<RE>
1FL,1,D,F1,P1,380.4,388.1,335.2,401.2,385.9,357.9,118.2,642.7,457.4,303.5,<RE>
1FL,2,D,F2,P1,701.9,715.2,693.5,674.5,705.2,658.9,842.1,561.7,840.7,563.1,<RE>
1FL,3,D,F2,P1,841.1,858.4,817.6,826.8,848.7,782.6,822.2,860.1,1018.1,664.2,<RE>
1FL,4,D,F2,P1,849.1,866.6,832.0,831.1,855.3,791.0,850.6,847.6,1024.0,674.2,<RE>
1FL,5,D,F2,P1,845.7,863.1,828.2,827.3,851.2,788.5,853.1,838.2,1018.8,672.5,<RE>
1FL,6,D,F2,P1,856.7,873.8,839.0,831.1,861.9,800.6,821.7,891.6,1028.1,685.2,<RE>
1FL,7,D,F2,P1,521.1,529.9,527.6,488.1,530.4,485.2,688.1,354.1,654.9,387.3,<RE>


name=YbfZ\
,,,,,,,,,,,
<data>
b,,[ F1 ],x_u,[1, -D],,,,,,Z
,Df=1100[mm],,D=450[mm],dtx=275[mm],,x,韫敖,,L,,L-Ex
Ya=268[mm],,,,dty=290[mm],,,N,,363,,625
,,,,,,,Wf,,18,,18
,,,,,,,N + Wf,,381,,643
,,,,,,,tMx,,,,
,,,,,,,tMy,,,,
,,,,,,,R,,381,,643
,,,,,,,Ra,,450,,900
,,,,,,,,,0.85  OK,,0.72  OK
,,,,,,,,,X,Y,X,Y
,,,,,,,,韫敖,,,,
,,,,,,b,,t,,,,
,,,,,,f,,vMd,,,,
,,,,,,,,ld,,,,
,,,,,,Z,,vz,5-D13,5-D13,5-D13,5-D13
,,,,,,,,eMa,,,,
,,,,,,,,,,,,
,,,,,,,,韫敖,,,,
,,,,,,,,t,,,,
,,,,,,,f,vQd,,,,
,,,,,,,,M/Qd,,,,
,,,,,,,,,,,,
,,,,,,,,v,,,,
,,,,,,,,e,,,,
,,,,,,,,,,,,
,,,,,,,p,韫敖,45,,45
,,,,,,,`O,t,,,,
,,,,,,,,vQpd,,,
,,,,,,,,eQpa,,,
,,,,,,,,,,,,,<RE>
b,,[ F2 ],x_u,[6, -D],,,,,,Z
,Df=1100[mm],,D=800[mm],dtx=290[mm],,x,韫敖,,L,,L+Ey
Ya=268[mm],,,,dty=275[mm],,,N,,798,,969
,,,,,,,Wf,,60,,60
,,,,,,,N + Wf,,857,,1029
,,,,,,,tMx,,,,
,,,,,,,tMy,,,,
,,,,,,,R,,429,,515
,,,,,,,Ra,,450,,900
,,,,,,,,,0.96  OK,,0.58  OK
,,,,,,,,,X,Y,X,Y
,,,,,,,,韫敖,,L,,L+Ey
,,,,,,b,,t,,,,
,,,,,,f,,vMd,,60,,73
,,,,,,,,ld,,,,630
,,,,,,Z,,vz,11-D13,7-D16,11-D13,7-D16
,,,,,,,,eMa,,125,,189
,,,,,,,,,,0.49  OK,,0.39  OK
,,,,,,,,韫敖,,L,,L+Ey
,,,,,,,,t,,,,
,,,,,,,f,vQd,,399,,485
,,,,,,,,M/Qd,,,,
,,,,,,,,,,,,
,,,,,,,,v,,0.65,,0.79
,,,,,,,,e,,0.70,,1.05
,,,,,,,,,,0.92  OK,,0.75  OK
,,,,,,,p,韫敖,45,,45
,,,,,,,`O,t,,,,
,,,,,,,,vQpd,,,
,,,,,,,,eQpa,,,
,,,,,,,,,,,,,<RE>


name=Y
,,f
,Y,Y
<data>
P1,0.61,0.12


name=Yvp\
w,X,Y,,{,N [kN/{],,,
,,,,,L+Ex,L-Ex,L+Ey,L-Ey
<data>
1FL,1,B,P1,1,117.2,331.1,146.5,301.8,<RE>
1FL,2,B,P1,2,302.2,327.9,246.0,384.1,<RE>
1FL,3,B,P1,2,416.4,418.9,329.2,506.1,<RE>
1FL,4,B,P1,2,420.6,419.4,332.5,507.5,<RE>
1FL,5,B,P1,2,420.7,414.6,331.1,504.2,<RE>
1FL,6,B,P1,2,403.2,441.5,336.6,508.1,<RE>
1FL,7,B,P1,2,339.7,173.6,189.7,323.6,<RE>
1FL,1,D,P1,1,118.2,642.7,457.4,303.5,<RE>
1FL,2,D,P1,2,421.1,280.9,420.4,281.6,<RE>
1FL,3,D,P1,2,411.1,430.1,509.1,332.1,<RE>
1FL,4,D,P1,2,425.3,423.8,512.0,337.1,<RE>
1FL,5,D,P1,2,426.6,419.1,509.4,336.3,<RE>
1FL,6,D,P1,2,410.9,445.8,514.1,342.6,<RE>
1FL,7,D,P1,2,344.1,177.1,327.5,193.7,<RE>


name=YfZ\
,x_,,v,,,[g,,,,f,
,u,拱,Nmax,Nmin,,vMd,Y,eMa,,vQd,eQa,
,,,kN,kN,,kNm,,kNm,,kN,kN
<data>
P1,1,X,643,119,Y,-54,t=9.3,90,0.61,-70,629,0.12
, -D,,L-Ex,L+Ex,|Y 490,,,,OK,,,OK


name=M-NW\,case=P1
Z_,Y,
,M,N
,kNm,kN
<data>
1,0,-2082,<RE>
2,130,0,<RE>
3,0,2082,<RE>


name=YYI
w,X,Y,,Y,vYa,vdt,S,,vMd,KvPg,Kv
,,,,,,,a,,,,{
,,,,,mm,mm,,,kNm,%
<data>
1FL,1,B,F1,P1,468,160,D13,SD295A,54,0.89,13,<RE>
1FL,2,B,F2,P1,468,160,D13,SD295A,54,0.42,8,<RE>
1FL,3,B,F2,P1,468,160,D13,SD295A,54,0.02,8,<RE>
1FL,4,B,F2,P1,468,160,D13,SD295A,-54,0.00,0,<RE>
1FL,5,B,F2,P1,468,160,D13,SD295A,54,0.01,8,<RE>
1FL,6,B,F2,P1,468,160,D13,SD295A,-54,0.00,0,<RE>
1FL,7,B,F2,P1,468,160,D13,SD295A,-54,0.70,10,<RE>
1FL,1,D,F1,P1,468,160,D13,SD295A,54,0.89,12,<RE>
1FL,2,D,F2,P1,468,160,D13,SD295A,-54,0.26,8,<RE>
1FL,3,D,F2,P1,468,160,D13,SD295A,-54,0.00,0,<RE>
1FL,4,D,F2,P1,468,160,D13,SD295A,-54,0.00,0,<RE>
1FL,5,D,F2,P1,468,160,D13,SD295A,-54,0.00,0,<RE>
1FL,6,D,F2,P1,468,160,D13,SD295A,-54,0.00,0,<RE>
1FL,7,D,F2,P1,468,160,D13,SD295A,-54,0.69,10,<RE>


name=bvp\iObh`j,tab=b [kN],w=1FL
,,1,2,3,4,5,6,7
<data>
E,L,,,,,,,
,L+S,,,,,,,
,L+Wx,,,,,,,
,L-Wx,,,,,,,
,L+Wy,,,,,,,
,L-Wy,,,,,,,
,L+Ex,,,,,,,
,L-Ex,,,,,,,
,L+Ey,,,,,,,
,L-Ey,,,,,,,
D,L,362.6,642.5,781.8,789.7,786.3,797.3,461.7
,L+S,370.3,655.8,799.0,807.2,803.8,814.5,470.5
,L+Wx,317.4,634.1,758.2,772.6,768.9,779.7,468.3
,L-Wx,383.4,615.1,767.4,771.7,768.0,771.8,428.7
,L+Wy,368.1,645.9,789.4,796.0,791.8,802.6,471.0
,L-Wy,340.1,599.5,723.2,731.7,729.1,741.2,425.9
,L+Ex,100.4,782.7,762.9,791.2,793.8,762.4,628.7
,L-Ex,624.9,502.3,800.7,788.2,778.8,832.3,294.8
,L+Ey,439.6,781.3,958.7,964.6,959.5,968.8,595.6
,L-Ey,285.7,503.7,604.8,614.8,613.1,625.9,327.9
C,L,,,,,,,
,L+S,,,,,,,
,L+Wx,,,,,,,
,L-Wx,,,,,,,
,L+Wy,,,,,,,
,L-Wy,,,,,,,
,L+Ex,,,,,,,
,L-Ex,,,,,,,
,L+Ey,,,,,,,
,L-Ey,,,,,,,
B,L,206.4,570.7,775.9,780.6,775.9,785.3,453.9
,L+S,210.1,582.5,792.5,797.5,792.8,801.9,462.4
,L+Wx,192.3,546.0,757.4,766.3,760.7,769.2,461.7
,L-Wx,210.3,566.9,761.9,765.2,760.7,763.5,423.7
,L+Wy,183.2,520.4,704.5,709.5,705.6,716.3,412.1
,L-Wy,220.8,589.4,802.6,806.2,800.7,809.5,473.6
,L+Ex,99.4,545.1,773.4,781.9,782.1,746.9,619.9
,L-Ex,313.3,596.4,778.3,779.4,769.7,823.7,287.9
,L+Ey,128.7,432.6,599.0,605.7,602.8,613.8,320.0
,L-Ey,284.0,708.8,952.7,955.6,949.0,956.7,587.8
A,L,,,,,,,
,L+S,,,,,,,
,L+Wx,,,,,,,
,L-Wx,,,,,,,
,L+Wy,,,,,,,
,L-Wy,,,,,,,
,L+Ex,,,,,,,
,L-Ex,,,,,,,
,L+Ey,,,,,,,
,L-Ey,,,,,,,


name=bvp\iObh`j,tab=zb [kN],w=1FL
1,2,3,4,5,6,7


name=xp\iObh`j,tab=b [kN],w=1FL
,,1,2,3,4,5,6,7
<data>
E,L,,,,,,,
,L+S,,,,,,,
,L+Wx,,,,,,,
,L-Wx,,,,,,,
,L+Wy,,,,,,,
,L-Wy,,,,,,,
,L+Ex,,,,,,,
,L-Ex,,,,,,,
,L+Ey,,,,,,,
,L-Ey,,,,,,,
D,L,380.4,701.9,841.1,849.1,845.7,856.7,521.1
,L+S,388.1,715.2,858.4,866.6,863.1,873.8,529.9
,L+Wx,335.2,693.5,817.6,832.0,828.2,839.0,527.6
,L-Wx,401.2,674.5,826.8,831.1,827.3,831.1,488.1
,L+Wy,385.9,705.2,848.7,855.3,851.2,861.9,530.4
,L-Wy,357.9,658.9,782.6,791.0,788.5,800.6,485.2
,L+Ex,118.2,842.1,822.2,850.6,853.1,821.7,688.1
,L-Ex,642.7,561.7,860.1,847.6,838.2,891.6,354.1
,L+Ey,457.4,840.7,1018.1,1024.0,1018.8,1028.1,654.9
,L-Ey,303.5,563.1,664.2,674.2,672.5,685.2,387.3
C,L,,,,,,,
,L+S,,,,,,,
,L+Wx,,,,,,,
,L-Wx,,,,,,,
,L+Wy,,,,,,,
,L-Wy,,,,,,,
,L+Ex,,,,,,,
,L-Ex,,,,,,,
,L+Ey,,,,,,,
,L-Ey,,,,,,,
B,L,224.2,630.1,835.2,840.0,835.3,844.6,513.3
,L+S,227.9,641.9,851.8,856.9,852.2,861.3,521.7
,L+Wx,210.1,605.3,816.8,825.6,820.0,828.5,521.1
,L-Wx,228.1,626.3,821.2,824.6,820.0,822.9,483.1
,L+Wy,201.0,579.7,763.9,768.8,764.9,775.6,471.4
,L-Wy,238.6,648.7,862.0,865.6,860.1,868.8,533.0
,L+Ex,117.2,604.4,832.7,841.2,841.4,806.3,679.3
,L-Ex,331.1,655.7,837.7,838.7,829.1,883.0,347.2
,L+Ey,146.5,492.0,658.3,665.0,662.1,673.2,379.3
,L-Ey,301.8,768.2,1012.1,1014.9,1008.4,1016.1,647.2
A,L,,,,,,,
,L+S,,,,,,,
,L+Wx,,,,,,,
,L-Wx,,,,,,,
,L+Wy,,,,,,,
,L-Wy,,,,,,,
,L+Ex,,,,,,,
,L-Ex,,,,,,,
,L+Ey,,,,,,,
,L-Ey,,,,,,,


name=xp\iObh`j,tab=zb [kN],w=1FL
1,2,3,4,5,6,7


name=Yvp\iObh`j,tab= [kN/{],w=1FL
,,1,,2,,3,,4,,5,,6,,7,
,,Nmax,Nmin,Nmax,Nmin,Nmax,Nmin,Nmax,Nmin,Nmax,Nmin,Nmax,Nmin,Nmax,Nmin
<data>
E,L+Ex,,,,,,,,,,,,,,
,L-Ex,,,,,,,,,,,,,,
,L+Ey,,,,,,,,,,,,,,
,L-Ey,,,,,,,,,,,,,,
D,L+Ex,118.2,118.2,421.1,421.1,411.1,411.1,425.3,425.3,426.6,426.6,410.9,410.9,344.1,344.1
,L-Ex,642.7,642.7,280.9,280.9,430.1,430.1,423.8,423.8,419.1,419.1,445.8,445.8,177.1,177.1
,L+Ey,457.4,457.4,420.4,420.4,509.1,509.1,512.0,512.0,509.4,509.4,514.1,514.1,327.5,327.5
,L-Ey,303.5,303.5,281.6,281.6,332.1,332.1,337.1,337.1,336.3,336.3,342.6,342.6,193.7,193.7
C,L+Ex,,,,,,,,,,,,,,
,L-Ex,,,,,,,,,,,,,,
,L+Ey,,,,,,,,,,,,,,
,L-Ey,,,,,,,,,,,,,,
B,L+Ex,117.2,117.2,302.2,302.2,416.4,416.4,420.6,420.6,420.7,420.7,403.2,403.2,339.7,339.7
,L-Ex,331.1,331.1,327.9,327.9,418.9,418.9,419.4,419.4,414.6,414.6,441.5,441.5,173.6,173.6
,L+Ey,146.5,146.5,246.0,246.0,329.2,329.2,332.5,332.5,331.1,331.1,336.6,336.6,189.7,189.7
,L-Ey,301.8,301.8,384.1,384.1,506.1,506.1,507.5,507.5,504.2,504.2,508.1,508.1,323.6,323.6
A,L+Ex,,,,,,,,,,,,,,
,L-Ex,,,,,,,,,,,,,,
,L+Ey,,,,,,,,,,,,,,
,L-Ey,,,,,,,,,,,,,,
